Id,CreationDate,ApprovalDate,Score
"397","2010-07-22 06:54:19","2012-07-25 12:56:25","2"
"404","2010-07-22 07:30:17","2010-07-22 20:06:55","3"
"407","2010-07-22 07:34:48","2010-07-23 16:31:17","3"
"410","2010-07-22 08:50:17","2010-07-26 18:12:26","3"
"412","2010-07-22 10:33:05","2010-07-23 16:14:58","3"
"413","2010-07-22 11:31:06","2010-07-22 22:00:11","3"
"414","2010-07-22 12:46:42","2010-07-29 04:29:20","3"
"419","2010-07-22 13:47:43","2010-08-16 07:59:21","4"
"420","2010-07-22 13:50:15","2010-07-22 20:05:23","3"
"423","2010-07-22 13:53:08","2010-07-29 04:38:14","3"
"424","2010-07-22 14:13:12","2010-07-23 16:26:11","3"
"427","2010-07-22 14:42:45","2010-10-01 19:37:57","4"
"429","2010-07-22 14:54:46","2010-09-15 19:40:12","4"
"431","2010-07-22 15:59:33","2010-07-23 16:25:20","3"
"432","2010-07-22 15:59:41","2010-07-29 04:35:14","3"
"437","2010-07-22 18:09:39","2010-07-24 15:28:36","3"
"438","2010-07-22 18:11:27","2010-07-23 15:59:21","3"
"440","2010-07-22 18:58:19","2010-07-24 21:55:59","3"
"442","2010-07-22 19:02:59","2010-07-23 15:52:47","3"
"444","2010-07-22 19:04:57","2010-07-23 19:03:44","3"
"445","2010-07-22 19:05:40","2010-07-24 22:02:39","3"
"449","2010-07-22 19:39:59","2010-09-23 14:34:38","4"
"450","2010-07-22 19:52:45","2010-07-29 04:25:04","3"
"451","2010-07-22 19:54:11","2010-07-29 03:03:02","3"
"452","2010-07-22 19:58:18","2012-05-12 03:07:00","4"
"454","2010-07-22 20:24:51","2010-08-02 05:25:48","4"
"456","2010-07-22 20:43:53","2010-07-23 16:15:32","3"
"457","2010-07-22 20:44:33","2010-08-08 16:10:46","3"
"458","2010-07-22 20:44:49","2010-08-02 05:25:40","4"
"460","2010-07-22 20:45:29","2010-08-02 05:25:35","4"
"461","2010-07-22 20:45:44","2010-07-29 04:22:10","3"
"463","2010-07-22 20:50:58","2010-08-02 09:39:43","4"
"465","2010-07-22 20:51:36","2010-07-23 20:03:11","3"
"467","2010-07-22 20:52:32","2010-07-24 01:08:26","3"
"469","2010-07-22 20:53:41","2010-08-02 05:25:24","4"
"470","2010-07-22 20:54:08","2010-08-05 13:01:57","4"
"471","2010-07-22 20:54:31","2010-07-29 04:09:57","3"
"472","2010-07-22 20:55:09","2010-08-08 16:10:40","3"
"473","2010-07-22 20:55:52","2010-07-29 03:03:59","3"
"474","2010-07-22 20:56:09","2010-08-05 02:53:42","4"
"475","2010-07-22 20:56:42","2010-07-29 04:41:56","3"
"476","2010-07-22 20:57:07","2010-08-05 03:08:15","4"
"477","2010-07-22 20:57:34","2010-07-29 04:43:34","3"
"478","2010-07-22 20:58:02","2010-08-08 16:10:38","3"
"479","2010-07-22 20:58:28","2010-08-06 10:51:35","4"
"480","2010-07-22 20:58:44","2010-08-24 20:36:13","4"
"481","2010-07-22 20:59:24","2010-08-20 08:34:41","4"
"482","2010-07-22 20:59:44","2010-08-08 16:10:32","3"
"483","2010-07-22 21:00:01","2010-08-08 16:10:35","3"
"484","2010-07-22 21:00:34","2010-08-05 03:04:36","4"
"485","2010-07-22 21:01:04","2010-07-24 12:58:02","3"
"486","2010-07-22 21:01:39","2010-08-02 05:23:33","4"
"489","2010-07-22 21:02:23","2010-07-29 04:40:16","3"
"492","2010-07-22 21:04:21","2010-07-30 00:34:16","2"
"496","2010-07-22 21:05:24","2010-07-29 04:09:22","3"
"497","2010-07-22 21:06:03","2010-07-29 03:04:39","3"
"498","2010-07-22 21:06:43","2010-07-29 07:27:23","2"
"502","2010-07-22 21:10:48","2010-07-23 16:17:11","3"
"511","2010-07-22 21:15:34","2010-07-23 16:16:24","3"
"515","2010-07-22 21:17:07","2010-08-01 08:02:25","3"
"518","2010-07-22 22:04:05","2010-07-24 21:56:17","3"
"521","2010-07-22 22:05:00","","2"
"522","2010-07-23 00:31:12","2010-07-30 00:41:42","3"
"524","2010-07-23 00:46:30","2010-07-29 07:34:39","2"
"541","2010-07-23 15:58:05","2010-07-29 04:19:30","3"
"542","2010-07-23 15:58:34","2010-07-29 04:19:40","3"
"545","2010-07-23 17:28:45","2010-07-28 12:35:11","3"
"546","2010-07-23 19:58:26","2010-08-08 16:10:29","3"
"547","2010-07-23 20:00:27","2010-07-28 12:35:23","3"
"548","2010-07-23 20:01:51","2010-08-02 08:32:41","4"
"549","2010-07-23 20:03:03","2010-07-31 03:05:52","3"
"550","2010-07-23 20:05:59","2010-07-29 04:34:58","3"
"551","2010-07-23 20:07:07","2010-07-29 04:32:42","3"
"553","2010-07-23 20:11:14","2010-08-01 14:31:38","4"
"554","2010-07-23 20:12:46","2010-08-01 09:04:09","4"
"555","2010-07-23 20:14:30","2010-07-30 00:42:27","3"
"559","2010-07-23 20:17:16","2010-07-24 21:42:26","3"
"560","2010-07-23 20:17:25","2010-07-24 21:42:27","3"
"561","2010-07-23 20:17:32","2010-07-24 21:42:28","3"
"563","2010-07-23 20:24:16","2010-10-01 19:37:47","4"
"566","2010-07-24 04:44:22","2010-08-10 23:14:27","3"
"567","2010-07-24 05:04:01","2010-08-05 22:02:20","4"
"569","2010-07-24 18:23:21","2010-08-08 16:10:11","3"
"570","2010-07-24 22:18:43","2010-08-05 03:08:09","4"
"575","2010-07-25 05:39:59","2010-09-12 11:32:21","4"
"576","2010-07-25 05:40:16","2012-05-18 12:46:25","4"
"577","2010-07-25 11:07:48","2010-08-09 15:29:15","3"
"580","2010-07-25 14:42:58","2010-07-31 14:34:32","4"
"581","2010-07-25 14:43:05","2010-07-31 14:34:34","4"
"582","2010-07-25 14:43:37","2010-07-31 14:34:35","4"
"583","2010-07-25 15:03:42","2010-07-29 04:35:36","3"
"586","2010-07-25 18:59:58","2010-08-02 07:08:39","3"
"588","2010-07-26 06:51:18","2010-07-29 04:41:42","3"
"599","2010-07-26 16:17:16","2010-07-31 22:34:48","4"
"608","2010-07-26 19:02:58","2010-07-29 03:02:41","3"
"609","2010-07-26 23:31:59","2010-07-29 04:32:51","3"
"612","2010-07-28 10:36:37","2010-08-08 16:10:05","2"
"614","2010-07-28 19:35:54","2021-10-15 20:16:53","3"
"616","2010-07-28 22:16:43","2010-07-28 22:55:24","3"
"619","2010-07-29 07:43:54","2010-10-21 23:08:40","4"
"626","2010-07-29 19:23:23","2010-08-05 22:04:27","4"
"632","2010-07-30 08:33:13","2010-08-05 03:08:55","4"
"634","2010-07-30 08:58:58","2010-11-01 11:29:33","4"
"635","2010-07-30 08:59:24","2010-11-01 11:29:36","4"
"638","2010-07-30 10:13:33","2010-08-08 16:09:56","3"
"640","2010-07-30 12:51:11","2010-08-08 12:50:26","4"
"645","2010-07-30 16:09:48","2011-09-01 05:36:34","3"
"655","2010-07-30 16:15:46","2010-08-05 12:58:56","4"
"656","2010-07-30 16:15:52","2010-08-05 12:58:51","4"
"657","2010-07-30 16:16:04","2010-08-05 12:58:52","4"
"658","2010-07-30 16:16:08","2010-08-05 12:58:54","4"
"689","2010-07-31 23:05:28","2013-09-15 14:22:03","4"
"694","2010-08-01 05:59:52","2010-08-03 01:02:43","4"
"695","2010-08-01 06:00:21","2010-08-01 22:30:29","4"
"700","2010-08-01 10:36:10","","2"
"706","2010-08-01 11:19:27","2015-02-06 17:29:19","2"
"711","2010-08-01 13:58:07","2010-08-02 12:24:00","4"
"715","2010-08-01 16:16:50","2010-10-21 23:09:26","4"
"732","2010-08-01 18:20:05","2010-08-02 17:33:45","4"
"733","2010-08-01 18:34:06","2012-06-27 13:45:34","4"
"756","2010-08-01 20:10:44","2010-08-02 06:49:59","4"
"760","2010-08-01 20:11:41","2010-08-02 08:29:38","4"
"763","2010-08-01 20:12:23","2010-08-01 23:53:12","4"
"767","2010-08-01 20:12:44","2010-08-01 23:53:09","4"
"768","2010-08-01 20:13:06","2010-08-01 23:26:03","4"
"772","2010-08-01 20:23:24","2010-08-02 12:43:17","4"
"775","2010-08-01 21:34:45","2010-08-01 23:51:51","4"
"779","2010-08-02 01:46:49","2010-08-02 17:13:17","3"
"780","2010-08-02 01:53:16","2010-08-02 17:26:52","4"
"781","2010-08-02 01:53:23","2010-08-02 17:26:54","4"
"783","2010-08-02 02:52:13","2010-08-02 17:14:07","3"
"789","2010-08-02 03:42:26","2011-01-05 11:48:02","4"
"797","2010-08-02 07:40:49","2012-01-23 05:15:46","3"
"799","2010-08-02 08:21:38","2010-08-05 03:08:39","4"
"807","2010-08-02 10:03:01","2011-01-30 17:43:46","4"
"808","2010-08-02 10:05:05","2012-03-08 06:34:56","4"
"809","2010-08-02 10:06:44","2013-03-13 14:04:47","4"
"815","2010-08-02 13:28:43","2010-09-05 03:02:01","4"
"816","2010-08-02 15:08:08","2010-08-07 08:39:45","4"
"817","2010-08-02 15:14:08","2010-08-03 10:17:09","4"
"823","2010-08-02 17:23:08","2010-08-02 18:23:42","4"
"824","2010-08-02 17:48:21","2010-08-05 10:25:33","4"
"825","2010-08-02 17:48:25","2010-08-05 10:25:34","4"
"828","2010-08-02 21:22:54","2010-08-05 10:25:10","4"
"829","2010-08-02 21:23:47","2010-08-06 04:06:02","4"
"830","2010-08-02 21:24:46","2010-08-06 04:06:08","4"
"832","2010-08-02 21:36:18","2010-08-08 16:09:28","2"
"833","2010-08-02 21:37:45","2010-09-05 05:59:16","4"
"834","2010-08-02 21:39:01","2010-08-08 16:09:21","3"
"847","2010-08-03 15:32:58","2011-10-03 17:13:03","4"
"852","2010-08-03 16:03:27","2013-08-07 17:35:23","2"
"853","2010-08-03 16:18:39","2010-10-03 15:38:05","4"
"854","2010-08-03 19:26:59","2010-10-31 21:21:23","4"
"855","2010-08-03 19:31:51","2010-08-05 03:04:51","4"
"860","2010-08-03 20:57:11","2010-08-08 16:09:14","2"
"861","2010-08-04 00:17:31","2010-08-05 02:52:12","4"
"862","2010-08-04 01:03:17","2010-08-08 16:09:10","2"
"865","2010-08-04 01:04:55","2010-08-08 16:09:02","3"
"867","2010-08-04 01:06:14","2011-08-19 09:54:44","2"
"868","2010-08-04 01:07:01","2010-08-28 02:27:57","4"
"871","2010-08-04 04:16:51","2010-08-08 16:08:53","3"
"876","2010-08-04 13:27:54","2010-08-08 16:08:56","3"
"878","2010-08-04 14:10:57","2010-08-05 14:44:04","4"
"880","2010-08-04 14:24:32","2011-11-22 09:48:38","4"
"890","2010-08-04 16:01:06","2010-10-25 06:40:00","4"
"891","2010-08-04 16:14:39","2010-08-08 16:08:42","2"
"895","2010-08-04 19:17:41","2010-08-08 16:08:37","2"
"897","2010-08-05 00:36:40","2010-08-07 00:38:43","3"
"910","2010-08-05 10:44:04","2011-11-17 05:18:49","2"
"916","2010-08-05 12:47:26","2010-09-12 11:32:04","4"
"917","2010-08-05 12:48:11","2010-10-31 21:21:26","4"
"924","2010-08-05 19:38:11","2010-08-08 16:08:27","2"
"926","2010-08-05 21:18:21","2010-08-07 01:20:16","2"
"937","2010-08-06 12:08:44","2010-08-08 16:08:22","2"
"938","2010-08-06 12:12:13","2010-08-30 22:58:10","4"
"939","2010-08-06 12:13:33","2010-10-06 15:40:19","4"
"940","2010-08-06 12:14:17","2010-08-20 08:32:31","4"
"942","2010-08-06 13:47:34","2010-09-05 05:58:41","4"
"950","2010-08-07 11:33:18","2010-08-25 00:05:57","4"
"951","2010-08-07 11:35:04","2010-08-28 02:26:01","4"
"952","2010-08-07 11:48:08","2010-09-12 11:31:55","4"
"956","2010-08-07 15:29:48","2010-09-24 14:01:30","4"
"958","2010-08-07 16:40:06","2010-08-11 01:16:44","4"
"970","2010-08-08 09:24:46","2010-09-11 19:16:34","4"
"975","2010-08-08 14:47:52","2010-08-30 22:52:49","4"
"976","2010-08-08 14:47:56","2010-08-30 22:52:50","4"
"980","2010-08-08 16:40:14","2010-08-09 15:27:37","3"
"981","2010-08-08 16:40:45","2010-08-09 15:27:35","2"
"982","2010-08-08 16:41:06","2010-08-09 15:27:33","3"
"983","2010-08-08 16:42:00","2010-08-10 10:54:50","4"
"984","2010-08-08 16:42:22","2010-08-10 22:33:04","4"
"985","2010-08-08 16:43:16","2010-08-09 15:27:41","2"
"986","2010-08-08 16:43:33","2010-08-11 01:19:14","4"
"989","2010-08-08 19:11:47","2010-12-28 10:30:26","4"
"990","2010-08-08 19:41:06","2010-08-14 12:58:06","4"
"996","2010-08-09 08:33:43","2010-08-09 10:55:20","4"
"998","2010-08-09 09:58:49","2010-08-14 09:03:24","4"
"1001","2010-08-09 10:16:57","2013-08-12 18:12:19","3"
"1004","2010-08-09 14:39:37","2010-08-11 20:55:37","4"
"1007","2010-08-09 15:18:47","2010-08-10 23:10:12","3"
"1008","2010-08-09 15:19:43","2010-08-10 22:32:01","4"
"1012","2010-08-09 20:18:52","2010-09-05 05:57:55","4"
"1013","2010-08-09 20:19:10","2010-09-05 05:57:57","4"
"1021","2010-08-10 14:52:30","2010-10-01 19:39:18","4"
"1023","2010-08-10 14:57:27","2010-08-28 08:32:50","4"
"1024","2010-08-10 18:13:52","2010-08-26 01:51:30","4"
"1031","2010-08-11 06:03:38","2010-09-06 16:59:52","4"
"1032","2010-08-11 07:38:06","2010-09-09 10:39:30","4"
"1033","2010-08-11 07:38:16","2010-09-09 10:39:31","4"
"1034","2010-08-11 07:38:52","2010-08-15 14:24:48","4"
"1035","2010-08-11 07:43:18","2010-08-17 18:40:29","4"
"1045","2010-08-11 14:49:27","2010-09-10 19:16:01","4"
"1046","2010-08-11 14:49:54","2010-09-10 19:15:58","4"
"1047","2010-08-11 14:50:39","2010-08-14 09:13:57","4"
"1050","2010-08-11 14:55:15","2010-08-16 13:31:24","2"
"1053","2010-08-11 14:56:51","2010-09-10 07:27:11","4"
"1054","2010-08-11 14:56:53","2010-09-10 07:27:13","4"
"1055","2010-08-11 14:58:08","2013-08-07 17:36:01","2"
"1056","2010-08-11 14:58:30","2013-08-12 18:12:10","3"
"1058","2010-08-11 15:00:06","2010-09-05 05:57:11","4"
"1059","2010-08-11 15:00:21","2011-08-07 12:40:43","2"
"1060","2010-08-11 15:00:28","2013-08-07 17:35:02","2"
"1064","2010-08-11 15:05:08","","2"
"1065","2010-08-11 15:05:16","2010-08-18 22:28:39","4"
"1067","2010-08-11 15:08:22","2010-08-26 08:49:51","4"
"1068","2010-08-11 15:10:37","2010-10-31 21:21:45","4"
"1069","2010-08-11 15:11:20","2010-09-05 05:57:02","4"
"1070","2010-08-11 15:14:53","2010-08-26 01:56:56","4"
"1072","2010-08-11 19:14:44","2010-10-11 18:15:49","4"
"1073","2010-08-11 19:16:45","2010-08-26 01:57:03","4"
"1083","2010-08-12 13:46:10","2010-09-05 03:00:29","4"
"1084","2010-08-12 14:15:20","2010-08-20 08:20:34","4"
"1088","2010-08-13 13:39:46","2010-08-19 16:12:55","4"
"1089","2010-08-13 13:39:48","2010-08-19 16:12:51","4"
"1090","2010-08-13 15:24:06","2012-09-11 23:32:52","4"
"1091","2010-08-13 19:11:59","2010-08-30 01:46:40","4"
"1097","2010-08-14 21:23:42","2010-09-06 16:57:06","4"
"1100","2010-08-15 02:57:27","2010-08-29 19:52:51","4"
"1101","2010-08-15 03:36:55","2011-03-06 11:26:09","4"
"1102","2010-08-15 10:01:05","2011-03-21 01:43:35","3"
"1103","2010-08-15 10:01:10","2011-04-05 08:19:08","4"
"1104","2010-08-15 10:02:37","2011-02-09 19:09:41","4"
"1106","2010-08-15 14:09:42","2010-08-19 16:14:40","4"
"1107","2010-08-15 14:17:17","2010-08-24 20:02:46","4"
"1111","2010-08-16 03:24:20","2010-09-05 05:55:34","4"
"1113","2010-08-16 10:21:55","2010-08-26 04:53:45","3"
"1116","2010-08-16 13:15:13","2010-08-20 08:18:12","4"
"1117","2010-08-16 15:24:21","2010-08-30 22:49:16","4"
"1118","2010-08-16 16:12:49","2010-08-26 04:09:36","4"
"1119","2010-08-16 16:12:54","2010-08-26 04:09:37","4"
"1121","2010-08-16 19:56:49","2010-09-10 07:26:40","4"
"1123","2010-08-16 20:25:22","2010-08-18 16:51:55","4"
"1124","2010-08-16 20:56:46","2010-08-26 04:32:34","2"
"1125","2010-08-16 21:33:53","2010-08-26 04:32:36","3"
"1129","2010-08-17 08:14:33","2010-08-18 22:27:10","4"
"1133","2010-08-17 20:36:37","2010-08-26 04:53:40","3"
"1134","2010-08-17 20:36:42","2010-11-18 16:26:46","5"
"1139","2010-08-18 08:36:12","2010-12-22 04:31:49","3"
"1140","2010-08-18 09:52:31","2010-08-26 04:30:41","2"
"1141","2010-08-18 10:33:49","2010-08-24 19:38:36","4"
"1144","2010-08-18 16:50:08","2010-08-24 19:54:28","4"
"1145","2010-08-18 20:04:58","2010-08-26 00:56:02","3"
"1147","2010-08-19 08:47:33","","2"
"1148","2010-08-19 11:16:21","2010-08-26 04:53:35","3"
"1158","2010-08-20 10:34:48","2010-09-06 16:56:09","4"
"1159","2010-08-20 12:55:21","2010-11-22 18:06:06","4"
"1163","2010-08-21 21:23:06","2010-08-25 22:41:22","4"
"1164","2010-08-22 08:09:10","2010-08-26 00:55:27","2"
"1165","2010-08-22 19:10:38","2010-08-28 06:44:59","4"
"1167","2010-08-22 20:09:16","2010-08-26 00:55:32","2"
"1169","2010-08-23 05:54:24","2010-09-10 19:14:42","4"
"1171","2010-08-23 11:10:28","2010-08-26 04:30:22","2"
"1172","2010-08-23 12:39:49","2010-11-19 11:38:35","4"
"1174","2010-08-23 15:32:48","2010-08-26 00:55:07","2"
"1176","2010-08-23 18:36:31","2010-08-29 06:47:48","4"
"1177","2010-08-24 04:00:49","2019-03-28 22:57:23","2"
"1182","2010-08-24 12:41:29","2010-10-31 21:21:57","4"
"1184","2010-08-24 14:21:47","2010-08-26 04:53:30","3"
"1185","2010-08-24 16:55:57","2010-08-26 04:53:27","3"
"1186","2010-08-24 17:03:54","2010-08-26 22:54:14","4"
"1187","2010-08-24 17:04:35","2010-08-26 10:25:58","4"
"1188","2010-08-24 20:29:15","2010-08-30 22:47:17","4"
"1189","2010-08-24 21:07:51","2010-08-27 06:54:57","4"
"1190","2010-08-24 21:22:08","2010-08-29 06:48:31","4"
"1195","2010-08-25 00:07:57","2010-09-05 05:54:34","4"
"1196","2010-08-25 00:11:54","2010-08-26 04:53:23","2"
"1197","2010-08-25 00:12:06","2010-09-05 05:54:36","4"
"1199","2010-08-25 01:33:50","2010-08-27 06:54:08","4"
"1203","2010-08-25 07:59:41","2010-08-26 00:54:45","3"
"1215","2010-08-25 14:23:04","2010-08-30 23:34:24","4"
"1216","2010-08-25 15:28:21","2011-04-22 21:55:06","4"
"1217","2010-08-25 15:35:23","2010-08-26 10:24:57","4"
"1218","2010-08-25 16:19:59","2016-05-01 22:25:42","4"
"1219","2010-08-25 16:28:50","2010-09-05 02:59:22","4"
"1220","2010-08-25 16:35:53","2010-08-30 23:33:59","4"
"1226","2010-08-25 20:32:15","2010-08-27 06:44:47","4"
"1239","2010-08-25 22:00:05","2010-08-27 06:44:43","4"
"1242","2010-08-26 01:32:08","2010-09-10 17:27:54","4"
"1245","2010-08-26 07:52:46","2010-09-02 13:49:26","4"
"1247","2010-08-26 10:41:53","","2"
"1254","2010-08-26 14:51:47","2010-08-30 22:42:36","4"
"1258","2010-08-26 18:14:35","2010-09-08 09:38:09","4"
"1260","2010-08-26 18:52:57","2010-09-08 09:37:52","4"
"1262","2010-08-26 21:41:51","2010-09-10 19:14:01","4"
"1263","2010-08-26 22:30:52","2010-09-01 13:17:27","3"
"1264","2010-08-27 04:43:45","2010-09-09 16:04:31","4"
"1265","2010-08-27 05:48:49","2010-09-02 00:21:41","4"
"1269","2010-08-27 06:52:03","2010-10-01 19:43:15","4"
"1270","2010-08-27 06:52:07","2010-10-01 19:43:16","4"
"1271","2010-08-27 08:32:52","2010-11-11 14:57:27","4"
"1281","2010-08-27 12:07:29","2011-07-20 22:08:55","4"
"1287","2010-08-27 20:43:56","2011-07-28 05:32:32","4"
"1291","2010-08-28 03:24:29","2010-08-28 13:55:48","4"
"1294","2010-08-28 08:34:22","2010-09-12 11:31:28","4"
"1299","2010-08-28 08:37:43","2010-08-30 23:30:39","4"
"1304","2010-08-28 08:40:13","2011-08-19 09:53:06","2"
"1307","2010-08-28 08:41:55","2010-09-05 05:53:20","4"
"1311","2010-08-28 08:44:01","2010-08-30 23:30:11","4"
"1312","2010-08-28 08:44:54","2010-08-30 19:57:55","4"
"1313","2010-08-28 08:46:09","2010-08-30 19:56:31","4"
"1317","2010-08-29 04:01:40","2010-09-01 13:15:10","3"
"1321","2010-08-29 18:37:13","2010-09-08 09:35:48","4"
"1322","2010-08-29 18:37:22","2010-09-08 09:35:50","4"
"1331","2010-08-30 18:25:24","2010-09-01 13:14:50","2"
"1332","2010-08-30 20:34:59","2010-11-10 05:32:45","4"
"1335","2010-08-30 23:15:25","2010-09-12 11:28:35","4"
"1336","2010-08-30 23:16:00","2010-09-23 14:26:59","4"
"1337","2010-08-31 06:58:31","2010-10-31 21:22:14","4"
"1344","2010-08-31 14:31:57","2010-09-10 07:24:16","4"
"1347","2010-08-31 23:00:41","2011-11-19 13:59:09","4"
"1348","2010-09-01 00:46:14","2010-09-08 18:56:54","4"
"1349","2010-09-01 00:46:23","2010-09-08 18:56:51","4"
"1352","2010-09-01 07:35:28","2010-09-17 06:49:19","4"
"1354","2010-09-01 12:33:18","2012-06-05 20:50:03","2"
"1364","2010-09-01 19:16:24","2010-09-06 21:05:30","4"
"1365","2010-09-01 20:27:00","2010-10-01 19:42:23","4"
"1369","2010-09-02 01:03:50","2010-09-17 06:49:14","4"
"1370","2010-09-02 02:58:44","2010-09-06 07:35:04","2"
"1374","2010-09-02 08:27:21","2011-08-20 05:53:04","4"
"1379","2010-09-02 14:55:10","2010-09-06 16:50:05","4"
"1382","2010-09-02 16:06:41","2014-05-13 07:29:59","5"
"1384","2010-09-02 16:07:06","2014-01-14 15:39:59","4"
"1385","2010-09-02 18:29:54","2019-03-28 22:57:08","3"
"1387","2010-09-02 20:52:39","2010-09-12 11:28:19","4"
"1389","2010-09-02 21:33:25","2010-09-04 18:28:37","4"
"1390","2010-09-03 05:53:13","2012-01-14 01:58:48","3"
"1394","2010-09-03 11:17:42","2012-07-14 04:06:48","3"
"1402","2010-09-03 19:04:33","2010-09-08 08:12:48","4"
"1403","2010-09-03 20:34:18","2010-09-12 11:28:10","4"
"1405","2010-09-04 05:29:09","2011-02-01 09:14:45","4"
"1409","2010-09-04 12:38:21","2010-09-08 18:51:59","4"
"1410","2010-09-05 02:55:34","2010-09-05 14:50:05","4"
"1418","2010-09-06 05:49:32","2010-09-09 10:42:43","4"
"1421","2010-09-06 15:03:34","2010-09-09 10:41:37","4"
"1422","2010-09-06 16:45:03","2010-12-29 18:12:15","4"
"1429","2010-09-07 07:53:05","2010-09-09 15:51:59","4"
"1430","2010-09-07 10:55:19","2010-09-25 10:30:26","4"
"1431","2010-09-07 11:23:45","2010-09-08 18:50:12","4"
"1432","2010-09-07 16:47:07","2010-09-12 01:16:17","4"
"1433","2010-09-07 16:48:58","2010-09-24 08:30:20","4"
"1437","2010-09-07 17:39:14","2010-09-08 10:34:23","4"
"1438","2010-09-07 17:40:10","2010-09-20 09:16:27","4"
"1441","2010-09-07 18:59:00","2010-09-20 09:15:11","4"
"1443","2010-09-07 22:10:11","2010-10-11 18:25:49","4"
"1444","2010-09-08 02:39:31","2011-06-14 18:23:42","2"
"1446","2010-09-08 11:02:04","2010-09-20 07:10:43","4"
"1447","2010-09-08 13:33:46","2010-10-06 17:56:16","4"
"1467","2010-09-09 11:21:55","2010-09-12 09:21:05","4"
"1468","2010-09-09 13:24:47","2015-12-17 16:42:26","4"
"1469","2010-09-09 13:24:53","2015-12-17 16:42:27","4"
"1472","2010-09-09 20:05:08","2014-07-16 09:55:31","4"
"1473","2010-09-09 20:05:13","2014-07-16 09:55:28","4"
"1474","2010-09-10 00:29:25","2010-09-10 01:08:24","4"
"1482","2010-09-10 15:52:46","2010-09-12 11:30:31","4"
"1485","2010-09-10 17:52:59","2010-09-16 10:16:52","4"
"1493","2010-09-10 18:55:36","2010-09-18 03:36:37","4"
"1496","2010-09-10 18:56:52","2010-09-12 11:26:26","4"
"1498","2010-09-10 18:58:42","2010-09-12 11:30:09","4"
"1502","2010-09-10 19:01:26","2010-09-12 11:24:59","4"
"1504","2010-09-10 19:03:34","2010-09-18 03:36:11","4"
"1506","2010-09-10 19:04:02","2010-09-18 03:36:15","4"
"1507","2010-09-10 19:06:24","2010-09-20 09:14:56","4"
"1509","2010-09-10 19:07:47","2010-09-20 09:14:46","4"
"1511","2010-09-10 19:21:23","2010-10-31 21:22:17","4"
"1513","2010-09-10 19:24:39","2010-09-20 09:14:41","4"
"1515","2010-09-10 19:26:09","2010-09-25 09:25:30","4"
"1516","2010-09-10 19:26:45","2010-09-24 08:29:39","4"
"1517","2010-09-10 19:26:52","","2"
"1525","2010-09-10 19:31:19","2010-11-12 15:48:36","4"
"1528","2010-09-10 19:33:47","2010-09-17 06:50:43","4"
"1529","2010-09-10 19:34:11","2010-09-20 09:13:32","4"
"1531","2010-09-10 19:35:08","2010-09-12 11:29:35","4"
"1532","2010-09-10 19:35:22","2010-09-12 11:29:35","4"
"1533","2010-09-10 19:35:49","2010-09-17 06:50:27","4"
"1534","2010-09-10 19:36:18","2010-09-21 20:32:22","4"
"1537","2010-09-10 19:38:57","2010-10-31 21:22:24","4"
"1538","2010-09-10 19:39:26","2010-09-20 09:13:09","4"
"1539","2010-09-10 19:39:50","2010-09-17 05:28:20","4"
"1540","2010-09-10 19:40:13","2010-09-17 05:30:33","4"
"1542","2010-09-10 19:41:23","2015-10-19 09:14:20","4"
"1545","2010-09-10 19:42:41","2010-09-12 11:29:12","4"
"1546","2010-09-10 19:44:40","2010-09-12 00:40:11","4"
"1547","2010-09-10 19:44:47","2010-09-12 09:15:37","4"
"1548","2010-09-10 19:45:20","2010-09-12 11:29:03","4"
"1550","2010-09-10 20:17:21","2010-10-31 21:22:29","4"
"1554","2010-09-11 05:26:15","2010-09-12 11:28:56","4"
"1557","2010-09-11 19:21:56","2011-03-11 13:07:39","4"
"1558","2010-09-11 19:21:59","2011-03-11 13:16:31","4"
"1559","2010-09-11 19:22:26","2010-10-01 19:40:50","4"
"1560","2010-09-11 19:22:30","2011-02-10 08:03:42","4"
"1563","2010-09-11 22:34:34","2010-09-14 13:13:55","4"
"1565","2010-09-12 20:01:28","2010-09-23 01:28:34","4"
"1570","2010-09-13 14:13:19","2010-09-17 15:43:28","4"
"1573","2010-09-13 15:13:36","2010-09-16 04:53:44","4"
"1574","2010-09-13 19:58:53","2012-06-04 05:04:01","3"
"1578","2010-09-14 09:38:20","2010-10-31 21:22:35","4"
"1580","2010-09-14 09:40:48","2010-09-23 01:27:37","4"
"1582","2010-09-14 18:06:01","2012-07-31 14:25:30","4"
"1583","2010-09-14 20:15:57","2010-09-24 08:28:57","4"
"1585","2010-09-15 13:03:32","2011-01-09 01:39:48","4"
"1586","2010-09-15 17:42:46","2010-09-23 01:27:01","4"
"1590","2010-09-16 09:38:40","2010-09-25 20:14:16","4"
"1591","2010-09-16 12:46:24","2010-09-25 20:14:25","4"
"1595","2010-09-17 02:34:42","2010-09-22 16:22:02","4"
"1597","2010-09-17 15:40:34","2010-10-11 18:21:59","4"
"1604","2010-09-17 21:32:54","2010-09-29 21:56:42","4"
"1605","2010-09-17 21:33:03","2010-09-29 21:56:44","4"
"1612","2010-09-18 01:48:10","2010-09-23 01:26:09","4"
"1618","2010-09-18 18:19:01","2011-05-08 00:39:02","4"
"1620","2010-09-18 23:12:12","2011-01-31 20:02:10","4"
"1632","2010-09-18 23:17:52","2010-10-01 19:46:18","4"
"1633","2010-09-18 23:17:55","2010-10-01 19:46:20","4"
"1637","2010-09-19 22:20:10","2013-04-04 08:48:10","4"
"1642","2010-09-20 07:10:41","2010-11-10 14:32:32","4"
"1643","2010-09-20 08:01:31","2011-03-22 19:17:04","4"
"1646","2010-09-20 08:52:58","2010-10-31 21:22:44","4"
"1649","2010-09-20 13:04:45","2010-09-22 06:11:33","4"
"1652","2010-09-20 19:47:11","2013-05-05 20:12:47","4"
"1654","2010-09-21 20:14:55","2010-10-28 10:33:48","4"
"1661","2010-09-22 14:15:27","2021-10-15 20:15:39","3"
"1663","2010-09-22 17:32:46","2010-09-27 13:40:29","4"
"1664","2010-09-23 01:10:20","2010-09-24 12:40:25","4"
"1666","2010-09-23 01:11:18","2010-09-24 12:40:23","4"
"1673","2010-09-23 16:09:30","2010-11-01 11:25:11","4"
"1674","2010-09-23 16:10:16","2010-10-11 09:32:54","4"
"1686","2010-09-25 08:36:49","2013-05-27 15:06:56","2"
"1691","2010-09-25 09:23:12","2010-10-11 18:17:41","4"
"1694","2010-09-25 14:01:53","2010-11-13 18:29:11","2"
"1695","2010-09-25 14:07:21","2018-09-25 14:08:29","2"
"1700","2010-09-25 20:23:49","2019-02-21 08:43:17","2"
"1702","2010-09-26 08:47:35","2018-08-27 03:50:53","3"
"1703","2010-09-26 08:47:53","2011-09-22 23:36:44","3"
"1711","2010-09-27 12:49:55","2013-08-07 02:38:00","2"
"1713","2010-09-27 18:40:32","2010-11-01 11:25:02","4"
"1714","2010-09-27 20:40:19","2010-10-07 15:37:51","4"
"1716","2010-09-27 23:56:54","2011-03-30 18:19:20","3"
"1720","2010-09-28 10:01:19","2011-12-23 15:06:52","4"
"1727","2010-09-29 06:55:28","2010-10-19 16:43:48","4"
"1728","2010-09-29 09:21:31","2012-01-14 01:56:06","3"
"1729","2010-09-29 09:21:42","2015-05-12 15:39:56","3"
"1731","2010-09-29 20:56:26","2010-11-01 11:24:52","4"
"1734","2010-09-30 11:56:27","2010-10-31 21:22:42","4"
"1740","2010-09-30 12:03:51","2010-10-11 18:13:45","4"
"1748","2010-10-01 10:12:25","2012-01-14 01:55:46","2"
"1750","2010-10-01 10:14:04","2018-09-20 23:35:57","3"
"1751","2010-10-01 10:14:24","2011-10-09 17:37:27","4"
"1752","2010-10-01 10:15:03","2011-03-30 18:19:40","3"
"1753","2010-10-01 10:15:05","2011-03-30 18:19:45","2"
"1754","2010-10-01 10:15:09","2011-05-11 10:17:58","4"
"1755","2010-10-01 10:15:11","2011-03-30 18:19:48","3"
"1757","2010-10-01 10:19:21","2010-12-29 18:10:28","4"
"1765","2010-10-01 10:24:27","2011-03-30 18:18:14","2"
"1766","2010-10-01 10:24:32","2011-03-30 18:18:16","2"
"1770","2010-10-01 10:28:42","2010-10-20 15:38:48","4"
"1773","2010-10-01 10:31:45","2010-10-31 13:28:40","4"
"1790","2010-10-01 16:14:45","2010-11-01 11:23:31","4"
"1791","2010-10-01 16:14:48","2010-11-01 11:23:32","4"
"1795","2010-10-01 17:02:29","2011-08-19 09:47:55","2"
"1802","2010-10-01 18:51:37","2010-10-11 18:00:02","4"
"1803","2010-10-01 18:52:33","2010-10-31 13:27:40","4"
"1806","2010-10-01 18:55:45","2010-10-07 21:18:57","4"
"1807","2010-10-01 18:56:18","2015-04-06 18:34:56","2"
"1808","2010-10-01 18:58:27","2010-10-07 21:18:48","4"
"1813","2010-10-01 19:00:56","2010-10-07 21:18:33","4"
"1815","2010-10-01 19:01:46","2010-10-11 17:54:57","4"
"1816","2010-10-01 19:02:07","2010-10-07 21:18:37","4"
"1817","2010-10-01 19:02:12","2010-10-07 21:18:44","4"
"1822","2010-10-01 19:08:51","2011-04-23 23:11:59","4"
"1828","2010-10-01 19:16:49","2011-03-30 18:18:53","2"
"1832","2010-10-01 19:20:14","2010-10-07 10:27:11","4"
"1835","2010-10-02 09:36:18","2010-10-16 04:34:32","4"
"1839","2010-10-02 17:15:49","2010-10-31 21:16:11","4"
"1840","2010-10-03 00:30:33","2010-10-07 10:26:16","4"
"1841","2010-10-03 06:02:29","2019-04-17 02:59:57","2"
"1848","2010-10-03 15:42:39","2011-11-21 14:37:36","4"
"1853","2010-10-03 20:23:32","2010-10-29 13:29:06","4"
"1854","2010-10-03 20:23:46","2011-02-11 04:30:33","4"
"1855","2010-10-03 20:23:52","2010-10-31 21:15:37","4"
"1856","2010-10-04 04:54:05","2010-12-29 18:10:04","4"
"1857","2010-10-04 04:54:09","2010-10-21 17:00:38","4"
"1858","2010-10-04 04:54:16","2010-12-29 18:10:05","4"
"1859","2010-10-04 04:54:29","2010-11-01 11:22:51","4"
"1860","2010-10-04 04:54:57","2010-11-01 11:22:53","4"
"1861","2010-10-04 04:55:27","2010-10-31 21:15:42","4"
"1881","2010-10-04 23:24:10","2010-10-05 01:29:36","2"
"1882","2010-10-04 23:24:17","2010-10-05 01:29:32","2"
"1885","2010-10-05 03:45:54","2010-10-08 02:34:43","4"
"1886","2010-10-05 03:46:19","2010-10-13 09:36:38","4"
"1887","2010-10-05 07:20:19","2011-02-23 20:17:35","3"
"1890","2010-10-05 08:59:20","2010-10-07 15:37:09","4"
"1891","2010-10-05 09:19:31","2010-10-07 09:52:29","4"
"1896","2010-10-06 11:05:46","2013-04-25 15:17:56","4"
"1897","2010-10-06 13:07:34","2010-10-07 12:41:30","4"
"1898","2010-10-06 16:30:17","2010-10-07 21:14:11","4"
"1899","2010-10-06 17:50:48","2010-10-13 09:36:28","4"
"1902","2010-10-07 09:49:04","2010-10-13 17:29:34","4"
"1904","2010-10-07 09:49:50","2010-10-11 21:50:34","4"
"1909","2010-10-07 22:09:17","2010-10-13 09:36:19","4"
"1912","2010-10-08 07:28:44","2018-09-20 23:42:35","4"
"1913","2010-10-08 11:45:06","2010-10-13 17:29:29","4"
"1917","2010-10-08 11:45:53","2010-10-13 17:29:32","4"
"1918","2010-10-08 14:40:19","2011-03-04 18:33:51","4"
"1919","2010-10-08 14:44:05","2011-01-09 13:18:02","4"
"1923","2010-10-08 20:20:38","2010-10-13 12:28:08","4"
"1926","2010-10-10 20:11:05","2010-10-31 21:14:30","4"
"1931","2010-10-11 13:44:53","2010-10-13 09:35:32","4"
"1935","2010-10-11 16:37:32","2011-02-23 20:17:13","3"
"1946","2010-10-13 09:46:16","2010-10-14 00:18:29","4"
"1947","2010-10-13 13:06:43","2010-10-31 21:14:27","4"
"1950","2010-10-13 15:24:09","2010-10-17 19:26:32","4"
"1952","2010-10-13 19:02:48","2010-10-15 07:55:46","4"
"1956","2010-10-14 09:29:49","2011-02-23 20:16:54","3"
"1958","2010-10-14 13:44:15","2011-02-23 20:16:47","3"
"1959","2010-10-14 15:04:30","2010-10-20 15:35:47","4"
"1960","2010-10-14 15:04:50","2010-10-20 15:35:50","4"
"1961","2010-10-14 23:29:52","2010-11-02 08:41:12","4"
"1962","2010-10-15 11:48:41","2010-11-01 11:22:00","4"
"1977","2010-10-18 09:46:09","2010-10-21 17:04:16","4"
"1978","2010-10-18 11:10:14","2010-10-31 21:14:09","4"
"1980","2010-10-18 23:19:44","2010-10-31 16:23:16","4"
"1983","2010-10-19 10:58:07","2010-10-31 21:14:06","4"
"1992","2010-10-19 22:36:12","2010-11-09 06:17:46","3"
"1998","2010-10-20 15:00:44","2011-09-05 00:35:45","4"
"2000","2010-10-20 18:18:42","2010-11-01 11:21:24","4"
"2003","2010-10-20 23:41:36","2010-10-31 21:13:51","4"
"2004","2010-10-21 07:30:51","2010-10-30 03:54:03","4"
"2008","2010-10-21 13:37:40","2010-10-29 13:24:25","4"
"2010","2010-10-21 14:23:34","2010-10-29 05:00:43","4"
"2016","2010-10-21 18:09:41","2010-10-28 12:45:58","4"
"2018","2010-10-21 21:36:55","2011-03-26 11:57:59","4"
"2020","2010-10-22 07:46:28","2010-11-22 03:48:49","4"
"2022","2010-10-22 23:54:21","2010-10-28 12:45:28","4"
"2023","2010-10-23 02:30:18","2010-10-31 21:09:54","4"
"2024","2010-10-23 10:41:18","2012-01-14 01:55:09","2"
"2025","2010-10-23 10:42:51","2010-11-08 13:23:56","4"
"2026","2010-10-23 10:43:41","2010-10-31 13:24:14","4"
"2027","2010-10-23 10:45:03","2010-12-03 23:36:02","4"
"2028","2010-10-23 10:45:39","2010-11-01 11:21:16","4"
"2029","2010-10-23 10:47:04","2010-10-31 13:24:23","4"
"2030","2010-10-23 10:47:45","2010-11-01 11:21:09","4"
"2032","2010-10-23 10:49:28","2010-12-22 04:31:16","3"
"2033","2010-10-23 10:49:58","2010-11-01 11:20:57","4"
"2034","2010-10-23 10:50:26","2010-11-01 11:20:52","4"
"2035","2010-10-23 10:51:12","2010-11-19 11:38:47","4"
"2036","2010-10-23 10:51:37","2011-01-09 13:17:47","4"
"2037","2010-10-23 10:52:30","2011-02-23 20:16:20","3"
"2038","2010-10-23 10:53:00","2011-02-23 20:16:28","3"
"2039","2010-10-23 10:53:41","2010-12-15 19:07:24","4"
"2040","2010-10-23 10:54:02","2010-12-29 18:13:27","4"
"2041","2010-10-23 10:54:37","2011-01-09 13:17:44","4"
"2045","2010-10-23 11:09:31","2010-12-15 19:06:57","4"
"2046","2010-10-23 11:10:08","2011-02-23 20:16:09","3"
"2047","2010-10-23 11:11:33","2010-11-12 15:35:51","4"
"2048","2010-10-23 11:11:56","2011-02-23 20:16:12","2"
"2051","2010-10-23 11:12:56","2010-10-31 21:07:25","4"
"2053","2010-10-23 11:14:17","2010-10-31 21:07:29","4"
"2055","2010-10-23 11:14:42","2010-12-22 04:31:01","3"
"2056","2010-10-23 11:15:03","2010-11-01 11:20:32","4"
"2057","2010-10-23 11:15:34","2010-10-31 21:07:39","4"
"2058","2010-10-23 11:15:55","2010-10-31 21:07:43","4"
"2059","2010-10-23 11:17:18","2011-02-23 20:16:03","3"
"2060","2010-10-23 11:17:39","2010-10-31 21:07:50","4"
"2061","2010-10-23 11:18:01","2010-10-29 13:18:48","4"
"2062","2010-10-23 11:18:33","2010-12-15 19:06:35","4"
"2063","2010-10-23 11:19:11","2010-10-31 21:07:58","4"
"2065","2010-10-23 11:20:31","2010-10-31 20:19:56","4"
"2066","2010-10-23 11:20:58","2010-10-31 20:19:46","4"
"2068","2010-10-23 11:22:53","2010-10-28 19:21:09","4"
"2069","2010-10-23 11:23:11","2010-10-29 03:54:10","4"
"2071","2010-10-23 11:23:58","2010-10-31 21:08:09","4"
"2073","2010-10-23 22:01:29","2010-10-31 13:19:46","4"
"2075","2010-10-24 11:12:43","2010-10-28 19:59:51","4"
"2077","2010-10-24 18:31:44","2010-10-28 19:20:42","4"
"2078","2010-10-24 18:36:35","2010-10-28 19:20:36","4"
"2081","2010-10-25 00:34:03","2010-11-03 23:39:06","2"
"2084","2010-10-25 14:06:12","2010-11-01 09:40:41","4"
"2085","2010-10-25 14:08:00","2010-11-01 16:56:59","4"
"2088","2010-10-25 16:55:40","2011-02-23 20:15:56","3"
"2091","2010-10-26 07:37:47","2011-02-10 08:03:07","4"
"2093","2010-10-26 12:52:24","2015-05-08 21:39:30","4"
"2099","2010-10-26 21:47:00","2010-11-09 22:10:11","4"
"2102","2010-10-27 04:08:29","2010-11-01 12:42:59","4"
"2113","2010-10-27 11:05:47","2012-01-14 01:54:07","3"
"2117","2010-10-27 14:37:14","2014-02-23 19:48:28","4"
"2118","2010-10-27 14:54:30","2011-12-05 16:17:00","4"
"2121","2010-10-27 21:37:36","2011-08-19 19:58:28","4"
"2123","2010-10-28 01:35:15","2011-02-10 08:02:53","4"
"2124","2010-10-28 01:36:17","2011-07-07 03:49:11","4"
"2126","2010-10-28 07:44:14","2010-10-31 21:02:09","4"
"2127","2010-10-28 07:44:49","2010-10-31 21:02:10","4"
"2128","2010-10-28 07:44:59","2010-10-31 21:02:11","4"
"2130","2010-10-28 15:03:37","2011-02-23 20:15:29","2"
"2131","2010-10-29 00:29:13","2010-11-11 14:56:27","4"
"2132","2010-10-29 00:30:04","2010-11-11 14:56:31","4"
"2133","2010-10-29 00:30:06","2010-11-11 14:56:32","4"
"2138","2010-10-29 04:57:05","2011-03-11 17:18:20","4"
"2143","2010-10-29 13:13:01","2010-12-29 18:13:54","4"
"2146","2010-10-29 17:51:04","2010-11-01 16:56:13","4"
"2156","2010-10-30 02:18:50","2010-11-01 16:56:27","4"
"2164","2010-10-30 03:58:37","2014-02-11 03:13:59","4"
"2165","2010-10-30 03:58:41","2013-12-21 15:05:53","4"
"2166","2010-10-30 03:58:45","2013-08-07 09:39:12","4"
"2167","2010-10-30 03:59:16","2010-12-29 18:10:14","4"
"2168","2010-10-30 03:59:30","2011-06-12 23:41:07","4"
"2176","2010-10-30 09:15:11","2013-11-03 08:56:38","3"
"2184","2010-11-01 06:49:02","2010-12-22 04:30:43","3"
"2198","2010-11-05 21:27:30","2013-02-23 22:58:19","4"
"2203","2010-11-09 15:52:43","2012-08-25 15:22:39","4"
"2211","2010-11-09 22:54:05","2010-11-13 10:08:07","4"
"2214","2010-11-10 13:11:48","2012-08-03 15:13:38","4"
"2218","2010-11-11 02:30:53","2012-05-16 03:24:18","4"
"2222","2010-11-11 23:06:23","2011-02-23 20:14:53","3"
"2232","2010-11-13 12:56:12","2011-01-08 11:06:20","4"
"2233","2010-11-13 14:23:49","2012-01-14 01:52:35","3"
"2234","2010-11-14 10:06:02","2011-08-20 09:01:31","4"
"2241","2010-11-15 12:02:59","2019-02-21 08:38:59","3"
"2242","2010-11-15 18:59:43","2013-10-08 16:39:20","4"
"2244","2010-11-16 09:54:23","2011-02-23 20:14:45","2"
"2245","2010-11-16 22:37:41","","2"
"2250","2010-11-17 04:14:39","2011-02-10 08:02:58","4"
"2251","2010-11-17 17:14:04","2019-04-07 07:28:29","4"
"2255","2010-11-18 14:17:54","2015-12-26 02:18:32","4"
"2258","2010-11-18 23:52:32","2011-02-23 20:14:29","2"
"2259","2010-11-18 23:58:00","2019-02-21 08:38:50","2"
"2264","2010-11-19 00:01:14","2015-09-24 13:58:39","2"
"2267","2010-11-19 03:27:01","2011-01-06 21:29:31","4"
"2275","2010-11-21 15:44:12","2013-03-04 19:00:35","4"
"2280","2010-11-22 04:41:19","2010-12-29 18:08:00","4"
"2283","2010-11-22 21:43:11","2010-12-23 12:20:54","4"
"2290","2010-11-23 04:16:50","2011-05-18 15:43:58","4"
"2303","2010-11-25 15:27:47","2017-08-13 11:53:26","3"
"2311","2010-11-28 19:58:50","2016-11-07 11:38:28","4"
"2313","2010-11-29 20:37:28","2013-11-20 16:26:25","4"
"2317","2010-11-30 18:32:50","","2"
"2320","2010-12-01 07:30:14","2011-06-18 06:50:34","4"
"2335","2010-12-05 22:43:33","2015-09-10 10:55:48","4"
"2355","2010-12-07 20:56:16","2011-02-23 20:13:39","2"
"2356","2010-12-07 23:14:30","2015-10-29 20:37:11","3"
"2361","2010-12-08 22:50:09","2014-03-27 15:39:45","4"
"2365","2010-12-10 19:22:17","2011-06-28 14:41:10","4"
"2366","2010-12-10 19:22:21","2011-06-28 14:41:04","4"
"2368","2010-12-11 21:17:29","2012-01-14 01:52:13","3"
"2369","2010-12-12 00:08:09","2011-01-24 20:29:44","4"
"2371","2010-12-13 02:18:19","2014-09-17 13:41:26","4"
"2373","2010-12-13 15:13:45","2011-02-23 20:13:32","2"
"2374","2010-12-13 19:29:15","2014-06-20 18:46:05","4"
"2379","2010-12-15 10:19:57","2012-02-12 09:52:36","4"
"2386","2010-12-16 12:01:42","2011-03-02 21:02:25","2"
"2388","2010-12-16 18:55:52","2011-07-15 08:10:07","4"
"2390","2010-12-16 23:38:32","2012-10-19 10:11:22","4"
"2391","2010-12-17 02:09:38","2011-11-18 05:10:33","2"
"2393","2010-12-17 16:01:04","2011-03-23 13:18:16","2"
"2402","2010-12-21 21:33:26","2012-06-29 22:37:16","4"
"2405","2010-12-22 12:48:30","2011-03-23 13:18:06","2"
"2407","2010-12-23 12:19:51","2011-02-23 20:13:18","2"
"2416","2010-12-26 09:24:48","2011-01-22 08:06:08","4"
"2430","2010-12-30 14:33:21","2012-01-14 01:51:22","2"
"2431","2010-12-30 16:40:03","2011-07-15 08:09:56","4"
"2432","2010-12-30 16:56:56","","2"
"2440","2011-01-03 03:03:01","2011-02-23 20:13:10","2"
"2443","2011-01-04 04:26:06","2012-02-04 15:44:45","4"
"2445","2011-01-04 10:32:15","2011-03-23 13:16:34","2"
"2454","2011-01-07 09:45:09","2011-01-13 23:20:36","3"
"2455","2011-01-07 16:53:12","2012-04-04 16:43:11","4"
"2456","2011-01-07 19:57:45","2012-01-04 21:28:36","4"
"2463","2011-01-09 14:34:42","2011-02-10 00:12:06","4"
"2465","2011-01-09 17:15:32","2011-02-23 20:13:00","2"
"2467","2011-01-10 08:21:38","2011-06-17 17:44:53","4"
"2474","2011-01-12 10:14:05","2011-01-13 10:30:10","4"
"2475","2011-01-12 10:14:25","2011-01-13 10:30:15","4"
"2476","2011-01-12 10:14:35","2011-01-13 10:30:16","4"
"2478","2011-01-12 22:09:36","2013-07-06 07:30:52","4"
"2479","2011-01-12 22:10:18","2011-02-11 03:56:16","4"
"2482","2011-01-13 12:23:13","","3"
"2483","2011-01-13 21:02:19","2011-02-23 20:12:37","2"
"2485","2011-01-14 03:00:29","2011-02-10 00:09:57","4"
"2487","2011-01-14 12:03:37","2012-01-14 01:47:03","3"
"2490","2011-01-15 13:14:42","2011-02-23 20:12:30","2"
"2497","2011-01-16 17:11:58","2011-02-11 03:55:34","4"
"2500","2011-01-17 15:51:35","2011-02-23 20:12:22","3"
"2510","2011-01-20 20:36:55","2011-02-11 21:57:54","2"
"2534","2011-01-26 10:23:18","2011-01-27 19:10:49","4"
"2546","2011-02-05 12:56:48","2011-02-11 21:57:13","2"
"2547","2011-02-05 18:26:35","2011-02-11 21:57:10","2"
"2549","2011-02-08 09:23:06","2011-02-10 06:29:24","4"
"2551","2011-02-08 21:14:00","2011-03-28 13:42:33","2"
"2552","2011-02-08 21:14:06","2011-03-28 13:42:31","2"
"2554","2011-02-09 22:40:46","2011-02-23 20:11:48","2"
"2558","2011-02-12 15:03:10","2011-03-23 13:17:08","3"
"2562","2011-02-14 12:21:30","2011-02-23 20:11:35","2"
"2573","2011-02-23 04:51:05","2011-03-06 13:46:47","3"
"2574","2011-02-23 04:51:08","2011-03-06 13:46:55","4"
"2588","2011-03-04 04:36:05","2019-06-20 15:49:11","4"
"2593","2011-03-04 15:00:41","2011-03-31 07:55:07","3"
"2594","2011-03-04 15:07:45","2012-01-10 10:35:15","4"
"2596","2011-03-06 11:45:43","2012-01-14 01:45:31","3"
"2606","2011-03-06 14:07:07","2012-03-26 00:34:43","3"
"2617","2011-03-12 16:27:25","2012-01-04 21:28:51","4"
"2619","2011-03-15 03:29:47","2013-12-18 06:28:32","4"
"2622","2011-03-18 22:40:14","2011-05-11 15:08:11","4"
"2644","2011-03-28 16:19:00","2019-06-19 09:36:56","4"
"2647","2011-03-30 16:25:13","2011-07-07 03:49:26","4"
"2649","2011-03-31 19:37:40","2015-09-06 17:44:37","4"
"2654","2011-04-05 09:44:28","2011-05-09 01:38:45","4"
"2657","2011-04-08 14:53:27","2011-07-07 03:48:44","4"
"2660","2011-04-16 19:04:09","2011-08-01 22:04:37","4"
"2661","2011-04-16 19:30:41","2011-04-20 16:31:27","4"
"2662","2011-04-16 19:38:47","2012-01-14 01:45:05","2"
"2668","2011-04-19 13:10:22","2011-07-14 14:38:43","4"
"2669","2011-04-19 13:10:33","2011-06-27 20:32:22","4"
"2670","2011-04-19 13:10:45","2012-01-14 01:44:53","3"
"2671","2011-04-19 13:10:54","2011-06-27 20:32:18","4"
"2672","2011-04-20 05:22:55","2012-11-15 10:10:13","4"
"2675","2011-04-20 22:51:52","2011-07-29 00:35:06","2"
"2677","2011-04-22 05:05:33","2013-07-06 07:47:24","3"
"2681","2011-04-23 16:58:41","2011-04-24 11:31:45","4"
"2687","2011-04-29 23:11:38","2011-08-30 14:34:47","4"
"2689","2011-05-02 08:36:52","2011-06-07 15:35:39","4"
"2691","2011-05-02 18:40:58","2011-08-07 12:33:06","3"
"2692","2011-05-02 18:42:22","2011-08-07 12:33:09","3"
"2700","2011-05-11 08:12:50","","2"
"2708","2011-05-18 18:05:30","2011-08-04 11:40:47","4"
"2713","2011-05-20 08:48:42","2011-07-05 07:37:19","2"
"2718","2011-05-21 17:25:19","2011-07-02 14:59:39","4"
"2719","2011-05-22 09:22:37","2011-06-25 19:26:57","4"
"2722","2011-05-24 13:59:49","2012-01-14 01:44:05","3"
"2728","2011-05-30 09:17:57","2011-08-19 09:41:33","2"
"2729","2011-05-30 10:26:31","2011-08-04 11:40:42","4"
"2731","2011-05-31 07:26:23","2011-06-15 19:00:18","4"
"2734","2011-06-01 20:01:10","2012-01-04 21:29:17","4"
"2736","2011-06-02 06:20:54","2011-06-28 14:39:34","4"
"2744","2011-06-07 08:39:15","2012-04-04 16:43:33","4"
"2749","2011-06-10 11:33:55","2013-11-16 21:31:07","4"
"2759","2011-06-22 13:34:10","2015-09-09 00:22:08","4"
"2761","2011-06-23 21:38:52","2013-03-29 21:41:29","4"
"2767","2011-06-27 00:36:54","2012-01-14 01:42:45","3"
"2769","2011-06-27 20:26:53","2011-07-02 14:33:11","4"
"2771","2011-06-29 16:14:14","2018-05-24 05:28:01","4"
"2783","2011-07-06 16:54:54","2011-08-01 22:04:53","4"
"2791","2011-07-09 22:16:36","2019-06-29 15:11:16","4"
"2792","2011-07-09 22:17:53","","2"
"2794","2011-07-12 10:38:45","2013-04-17 04:55:35","2"
"2797","2011-07-13 03:43:09","2012-03-19 23:13:38","4"
"2798","2011-07-13 10:08:55","2019-06-20 02:05:33","4"
"2799","2011-07-14 09:39:49","2012-06-27 11:59:07","4"
"2803","2011-07-14 14:41:12","2011-09-20 03:30:56","4"
"2804","2011-07-14 14:44:11","2011-08-07 12:33:58","3"
"2805","2011-07-14 19:43:39","2016-01-05 05:10:28","4"
"2810","2011-07-17 16:04:05","2011-07-28 15:37:23","4"
"2811","2011-07-17 18:43:30","2011-08-07 12:34:00","2"
"2820","2011-07-21 19:01:02","2011-07-22 18:08:27","4"
"2821","2011-07-22 07:31:24","2012-01-10 22:57:17","2"
"2824","2011-07-23 08:45:31","","2"
"2828","2011-07-26 07:44:28","2012-01-10 22:56:51","2"
"2832","2011-07-28 19:28:23","2011-08-19 09:44:03","2"
"2840","2011-08-02 05:58:54","2012-09-26 19:38:14","3"
"2853","2011-08-10 19:36:34","2012-03-03 10:18:54","4"
"2854","2011-08-10 22:05:44","2012-05-15 11:16:43","3"
"2855","2011-08-11 11:46:22","2011-08-19 22:22:28","4"
"2858","2011-08-11 21:32:51","2011-08-29 23:20:13","4"
"2859","2011-08-13 14:15:00","2012-01-14 01:41:06","3"
"2860","2011-08-13 14:25:59","2011-12-06 17:01:30","4"
"2861","2011-08-13 18:58:43","2015-09-08 20:21:06","4"
"2870","2011-08-17 14:55:22","2011-08-21 17:34:07","4"
"2873","2011-08-19 11:34:42","2012-03-31 15:17:15","4"
"2874","2011-08-19 14:50:39","2012-11-14 16:52:27","4"
"2878","2011-08-20 14:20:27","2012-02-02 04:26:42","2"
"2879","2011-08-21 12:45:44","2013-02-23 22:27:10","3"
"2881","2011-08-23 06:25:54","2011-10-08 15:58:23","4"
"2884","2011-08-24 03:06:11","2011-08-25 10:31:34","4"
"2885","2011-08-24 04:07:29","2011-09-17 03:27:53","4"
"2891","2011-08-29 20:03:23","2016-02-20 01:47:05","4"
"2892","2011-08-30 07:00:08","2011-09-20 03:22:07","4"
"2893","2011-08-30 07:30:45","2012-01-14 01:49:57","2"
"2901","2011-09-01 08:40:37","2012-01-14 01:39:39","2"
"2904","2011-09-01 18:05:03","2013-07-06 07:23:28","2"
"2907","2011-09-02 12:10:41","2012-05-12 03:05:55","4"
"2912","2011-09-07 22:40:50","2012-01-04 21:29:11","4"
"2914","2011-09-07 22:43:30","2012-01-14 01:38:58","2"
"2915","2011-09-08 12:36:04","2011-12-28 16:41:31","4"
"2918","2011-09-09 22:12:20","2011-09-21 07:46:13","4"
"2920","2011-09-11 01:32:53","2012-05-14 14:22:59","3"
"2924","2011-09-13 03:54:52","2015-03-15 09:30:51","4"
"2925","2011-09-13 03:54:58","2015-03-15 09:30:53","4"
"2942","2011-09-20 05:39:24","2013-12-10 10:46:17","4"
"2944","2011-09-21 06:55:37","2012-01-14 01:37:57","3"
"2953","2011-09-24 19:42:13","2012-01-14 01:37:26","2"
"2972","2011-09-30 17:58:39","2012-01-14 01:36:00","2"
"2976","2011-10-02 13:12:35","2011-10-11 07:41:59","4"
"2978","2011-10-02 13:20:20","2011-10-13 23:16:48","4"
"2981","2011-10-02 21:34:05","2011-12-28 17:26:01","4"
"2982","2011-10-03 17:11:04","2012-01-14 01:49:29","2"
"2990","2011-10-07 22:38:27","2011-11-17 12:58:50","3"
"2998","2011-10-12 08:36:15","2012-05-17 17:49:20","3"
"3000","2011-10-13 02:57:08","2012-05-16 19:12:51","2"
"3002","2011-10-16 16:56:52","2012-05-16 19:13:33","2"
"3004","2011-10-19 15:49:13","2013-04-29 21:47:58","4"
"3005","2011-10-20 16:22:51","2011-10-22 08:50:52","4"
"3006","2011-10-21 20:35:52","","2"
"3007","2011-10-23 12:18:58","2012-12-29 23:01:42","4"
"3018","2011-10-28 03:43:06","2011-12-06 11:52:39","4"
"3036","2011-11-05 16:12:05","2015-09-08 20:23:03","4"
"3038","2011-11-06 19:58:05","2011-12-07 08:24:57","4"
"3039","2011-11-07 20:07:12","2014-06-17 09:17:26","4"
"3043","2011-11-12 13:03:30","2012-01-14 01:48:24","3"
"3075","2011-11-30 10:42:51","2012-01-23 21:27:08","3"
"3078","2011-12-02 14:23:36","2012-01-23 05:09:04","3"
"3080","2011-12-02 19:57:07","2012-01-14 01:32:42","3"
"3086","2011-12-08 23:11:53","2012-12-28 15:20:20","4"
"3090","2011-12-09 22:37:13","2012-01-14 01:30:28","2"
"3094","2011-12-11 13:25:36","2012-02-22 13:29:18","4"
"3095","2011-12-12 21:55:26","2013-03-13 08:47:48","4"
"3103","2011-12-16 21:04:38","2014-12-02 19:01:04","4"
"3105","2011-12-19 06:03:36","","3"
"3107","2011-12-19 22:39:51","2012-01-23 21:25:50","2"
"3112","2011-12-24 10:36:59","","2"
"3114","2011-12-28 10:52:50","2012-04-11 09:11:28","4"
"3115","2011-12-28 12:58:12","2012-04-11 09:11:29","4"
"3120","2011-12-30 05:26:18","","2"
"3143","2012-01-13 06:51:57","2012-07-09 15:18:16","4"
"3144","2012-01-13 11:16:31","2012-05-17 17:41:46","2"
"3148","2012-01-15 13:38:43","2012-02-23 04:09:00","4"
"3152","2012-01-16 21:39:05","2012-05-16 19:10:15","2"
"3155","2012-01-18 21:52:55","2017-08-13 11:47:47","3"
"3157","2012-01-19 07:09:28","2016-04-12 21:09:23","4"
"3159","2012-01-20 18:38:10","2012-05-09 12:22:32","3"
"3164","2012-01-24 14:17:00","2012-02-23 04:08:52","4"
"3181","2012-01-27 06:48:51","2012-05-17 17:42:48","3"
"3182","2012-01-27 06:49:35","2012-05-17 17:43:43","3"
"3183","2012-01-27 06:52:55","2012-05-17 17:41:19","3"
"3184","2012-01-27 09:32:57","2012-12-12 16:00:29","4"
"3192","2012-01-30 09:46:38","2015-12-04 02:25:55","4"
"3200","2012-02-03 16:39:52","2014-09-15 18:55:26","4"
"3208","2012-02-05 22:46:58","2012-05-12 03:05:27","4"
"3211","2012-02-06 08:53:59","2012-05-16 19:06:14","2"
"3217","2012-02-10 13:12:57","2012-03-16 05:57:36","4"
"3230","2012-02-16 07:31:38","2015-03-11 00:15:11","4"
"3234","2012-02-17 21:22:37","2014-04-06 02:07:06","4"
"3235","2012-02-18 14:03:40","","2"
"3253","2012-02-28 22:19:05","2012-03-08 08:34:44","4"
"3255","2012-03-01 02:33:03","2012-05-02 13:15:08","4"
"3270","2012-03-05 20:03:47","2013-12-26 08:38:09","4"
"3271","2012-03-06 00:36:44","2012-03-28 05:41:32","3"
"3277","2012-03-06 20:52:11","2012-03-21 13:15:18","4"
"3288","2012-03-12 18:59:14","2013-10-05 05:55:12","4"
"3299","2012-03-18 22:13:16","2020-03-16 13:32:41","4"
"3300","2012-03-19 13:47:34","","2"
"3301","2012-03-20 07:53:12","2012-05-09 12:21:12","3"
"3306","2012-03-21 14:02:07","2013-04-29 21:48:01","4"
"3328","2012-03-28 04:54:59","2012-03-28 05:41:34","4"
"3331","2012-03-29 13:11:37","2015-12-13 21:34:04","4"
"3336","2012-03-30 22:58:01","2012-04-12 20:47:35","4"
"3338","2012-03-31 15:20:35","2020-06-15 00:56:24","2"
"3343","2012-04-07 00:35:24","2012-05-09 12:20:57","3"
"3348","2012-04-10 19:01:18","2015-02-16 02:17:44","4"
"3349","2012-04-10 19:47:20","2013-08-30 13:52:41","4"
"3356","2012-04-17 13:26:55","2014-10-07 09:29:13","4"
"3365","2012-04-18 11:05:09","2012-04-22 06:43:12","4"
"3367","2012-04-19 08:38:35","","2"
"3368","2012-04-19 14:30:55","2012-11-30 14:03:04","4"
"3370","2012-04-20 13:20:25","2012-05-04 01:27:58","4"
"3371","2012-04-20 18:58:48","2012-05-14 14:20:40","2"
"3373","2012-04-20 18:59:41","2012-05-07 23:26:58","4"
"3377","2012-04-21 16:58:16","2012-05-16 19:04:44","3"
"3380","2012-04-24 22:07:21","2012-04-27 06:53:30","4"
"3381","2012-04-26 17:01:42","2012-05-16 19:04:58","2"
"3383","2012-04-29 14:56:44","2012-05-02 11:24:06","4"
"3399","2012-05-01 09:05:07","2015-02-13 04:02:37","4"
"3422","2012-05-05 11:50:58","2012-05-09 12:19:35","2"
"3447","2012-05-12 03:03:06","2020-11-07 13:33:06","4"
"3449","2012-05-12 03:38:31","2013-08-25 06:29:30","4"
"3458","2012-05-18 07:11:55","2012-10-03 12:59:06","4"
"3464","2012-05-22 15:04:42","2013-05-20 15:01:52","4"
"3467","2012-05-23 06:49:23","2012-07-19 06:13:22","4"
"3469","2012-05-27 10:56:06","2018-08-15 18:21:00","4"
"3470","2012-05-28 01:06:02","2016-01-22 23:03:34","4"
"3501","2012-06-19 11:59:56","","2"
"3510","2012-06-22 11:53:11","2015-07-27 21:03:50","3"
"3520","2012-06-23 14:36:48","2013-06-21 14:30:02","4"
"3525","2012-06-24 06:38:07","2012-12-20 10:31:51","4"
"3527","2012-06-24 08:52:20","2013-03-21 14:20:09","4"
"3536","2012-06-26 10:36:26","2012-08-25 10:41:43","4"
"3539","2012-06-28 10:56:02","2017-10-19 09:40:41","4"
"3548","2012-07-02 18:24:52","2015-09-08 07:46:17","4"
"3549","2012-07-02 18:24:59","2015-09-08 07:46:18","4"
"3550","2012-07-02 18:25:04","2015-09-08 07:46:19","4"
"3551","2012-07-02 18:25:34","2015-09-08 07:46:20","4"
"3553","2012-07-04 01:16:42","2013-03-23 11:56:44","4"
"3559","2012-07-04 23:01:12","2012-09-26 11:27:34","4"
"3560","2012-07-05 12:41:38","2012-07-07 12:05:50","4"
"3564","2012-07-05 16:07:26","2012-09-27 20:53:34","4"
"3569","2012-07-09 11:02:33","2013-05-27 15:07:05","3"
"3570","2012-07-10 18:52:57","2013-03-04 19:00:23","4"
"3571","2012-07-10 18:53:24","2012-12-07 02:25:51","4"
"3572","2012-07-11 02:20:28","2013-07-12 10:00:26","4"
"3578","2012-07-13 15:11:20","2014-05-26 16:06:07","4"
"3580","2012-07-16 21:27:46","2013-10-11 17:35:46","4"
"3581","2012-07-18 15:15:20","2019-05-05 20:36:56","3"
"3594","2012-07-21 05:34:40","2016-10-28 14:28:50","4"
"3644","2012-08-10 19:26:44","2014-12-17 18:06:06","4"
"3650","2012-08-17 23:29:03","2021-02-01 21:04:14","4"
"3653","2012-08-20 13:51:18","2013-03-29 21:30:40","4"
"3662","2012-08-23 18:38:34","2015-03-10 04:56:57","4"
"3669","2012-08-29 11:59:37","2013-03-29 21:30:31","4"
"3671","2012-09-04 07:04:19","2012-09-04 07:11:54","4"
"3672","2012-09-04 11:29:41","2016-09-02 15:00:35","3"
"3675","2012-09-08 09:32:41","2013-04-04 08:49:00","4"
"3677","2012-09-09 01:08:06","2012-10-26 18:17:22","4"
"3682","2012-09-11 17:00:03","2012-10-03 20:45:10","4"
"3684","2012-09-15 23:31:50","2013-03-29 21:30:26","4"
"3690","2012-09-27 20:51:27","2013-05-06 09:37:29","4"
"3691","2012-09-27 22:33:49","2013-11-19 11:56:43","4"
"3692","2012-09-27 22:33:54","2013-11-19 11:56:45","4"
"3703","2012-10-09 10:13:08","2013-02-06 23:05:54","2"
"3709","2012-10-17 18:39:42","2014-12-02 16:56:50","4"
"3718","2012-10-23 02:18:50","2018-02-03 14:51:41","3"
"3719","2012-10-23 12:11:20","2013-05-12 21:27:13","4"
"3720","2012-10-24 16:20:00","2014-12-28 11:07:09","2"
"3730","2012-10-29 12:16:08","2013-08-07 16:25:04","4"
"3745","2012-11-20 14:09:35","","2"
"3749","2012-11-23 16:49:32","2015-04-29 16:12:17","2"
"3752","2012-11-25 08:27:41","2015-01-30 19:51:31","3"
"3753","2012-11-26 13:34:30","2013-01-29 17:35:59","4"
"3754","2012-11-26 19:26:57","2012-11-26 21:13:14","4"
"3755","2012-11-26 19:27:01","2012-11-26 21:13:08","4"
"3759","2012-11-30 11:01:11","2013-01-29 22:42:27","4"
"3770","2012-12-10 02:30:21","","2"
"3774","2012-12-16 09:34:50","2013-06-14 09:39:53","4"
"3793","2012-12-28 11:31:22","2014-03-21 16:00:44","4"
"3797","2012-12-29 22:26:30","2013-12-15 18:31:26","4"
"3799","2012-12-30 14:22:45","","2"
"3800","2012-12-31 09:48:10","","2"
"3801","2012-12-31 14:17:22","2016-06-15 15:38:52","4"
"3811","2013-01-05 01:09:31","2014-09-15 18:55:49","3"
"3812","2013-01-05 01:09:53","2014-09-15 18:55:47","3"
"3813","2013-01-05 15:27:55","2013-01-07 19:16:00","4"
"3815","2013-01-06 18:31:02","","3"
"3822","2013-01-11 07:37:47","2013-11-05 03:58:09","4"
"3823","2013-01-11 07:38:05","2013-11-05 03:58:07","4"
"3824","2013-01-11 10:36:45","2013-05-30 17:56:15","4"
"3831","2013-01-12 19:36:11","","3"
"3837","2013-01-16 01:56:22","2013-07-08 09:51:05","4"
"3838","2013-01-16 11:42:36","2013-09-14 01:42:04","4"
"3839","2013-01-17 16:51:46","","2"
"3849","2013-01-21 13:41:36","2013-06-28 21:47:06","4"
"3854","2013-01-24 18:28:08","2021-01-17 07:13:57","4"
"3855","2013-01-24 18:32:18","","2"
"3879","2013-01-31 07:53:08","2015-09-08 20:24:48","4"
"3880","2013-01-31 07:56:50","2015-09-08 20:26:24","4"
"3881","2013-01-31 08:11:10","2015-12-15 16:53:37","4"
"3882","2013-01-31 21:22:55","2015-09-08 20:26:52","4"
"3885","2013-02-03 22:27:31","2014-12-02 18:59:00","4"
"3889","2013-02-07 16:15:15","2015-02-18 08:35:04","4"
"3890","2013-02-07 16:27:40","","2"
"3891","2013-02-07 21:27:19","2014-02-21 22:20:43","4"
"3892","2013-02-08 23:51:25","2019-05-04 07:16:54","2"
"3893","2013-02-09 22:26:11","2013-03-26 17:40:25","4"
"3894","2013-02-12 07:15:44","2013-02-13 22:38:22","3"
"3898","2013-02-15 19:06:16","2013-02-15 20:32:07","4"
"3901","2013-02-17 02:27:26","2013-03-29 21:40:48","4"
"3908","2013-02-20 18:51:23","2013-03-22 17:02:44","4"
"3909","2013-02-20 19:03:59","2013-03-22 17:51:41","4"
"3910","2013-02-20 19:05:23","2017-08-13 11:41:07","3"
"3918","2013-03-01 09:07:27","2013-08-07 17:33:35","2"
"3920","2013-03-02 20:43:42","2013-03-11 21:18:24","4"
"3931","2013-03-04 18:58:08","2013-04-24 14:42:13","4"
"3937","2013-03-08 21:43:26","2013-03-12 10:05:12","2"
"3939","2013-03-08 21:52:39","2013-03-21 14:18:57","4"
"3952","2013-03-15 16:21:24","2013-04-25 11:14:12","4"
"3957","2013-03-18 15:56:22","2013-04-25 11:14:29","4"
"3964","2013-03-19 15:46:50","2013-04-25 11:14:16","4"
"3965","2013-03-19 15:46:56","2013-08-07 17:34:06","3"
"3966","2013-03-19 15:47:06","2013-04-25 11:14:19","4"
"3967","2013-03-20 16:04:10","2013-03-20 22:54:36","4"
"3968","2013-03-21 09:28:38","2013-05-13 18:23:27","4"
"3970","2013-03-21 17:33:17","2013-06-28 11:11:46","4"
"3971","2013-03-22 15:35:58","","2"
"3973","2013-03-23 05:52:26","2013-03-29 21:40:10","4"
"3974","2013-03-23 10:18:01","2015-09-06 15:44:13","4"
"3976","2013-03-23 22:13:05","2015-09-08 20:27:03","4"
"3983","2013-03-23 22:20:46","2015-01-07 07:31:21","4"
"3984","2013-03-24 17:41:14","2013-08-02 04:02:27","3"
"3986","2013-03-26 17:37:12","2013-07-15 21:17:26","4"
"3987","2013-03-27 04:47:29","2018-09-25 22:58:37","4"
"3994","2013-04-02 17:27:05","2015-04-10 12:29:58","2"
"3996","2013-04-04 11:31:42","2013-08-07 17:34:22","2"
"3998","2013-04-04 19:37:52","2014-03-25 12:42:10","4"
"4001","2013-04-05 12:56:45","2013-04-22 10:41:55","4"
"4009","2013-04-12 16:32:33","2013-04-12 17:10:50","4"
"4013","2013-04-17 11:20:50","2013-11-16 21:34:42","4"
"4014","2013-04-17 17:00:31","2019-03-30 04:14:31","2"
"4018","2013-04-22 22:29:22","2014-12-02 18:56:54","4"
"4019","2013-04-22 22:29:40","2014-12-02 18:56:57","4"
"4022","2013-04-23 16:40:53","2013-07-26 12:22:38","4"
"4026","2013-04-24 02:55:29","2019-04-19 23:52:57","2"
"4027","2013-04-24 09:14:02","2015-05-03 01:48:27","4"
"4041","2013-05-05 18:27:20","","2"
"4047","2013-05-11 04:16:01","2018-01-24 07:32:02","4"
"4076","2013-05-16 14:15:32","","3"
"4091","2013-05-29 07:59:43","","2"
"4094","2013-05-30 15:57:13","2013-12-19 18:17:35","4"
"4096","2013-06-02 01:57:00","2014-12-02 19:01:08","4"
"4098","2013-06-04 09:36:12","2016-04-08 12:58:39","4"
"4100","2013-06-10 11:13:08","2013-06-21 16:14:35","4"
"4105","2013-06-11 12:51:18","2013-06-13 14:30:48","4"
"4115","2013-06-17 07:41:14","2019-06-28 04:55:13","4"
"4116","2013-06-17 07:41:17","2019-06-28 04:55:14","4"
"4122","2013-06-21 03:42:27","2013-06-25 09:07:22","4"
"4123","2013-06-21 16:19:51","2013-07-14 23:26:50","4"
"4124","2013-06-22 14:40:52","2015-09-08 20:27:18","4"
"4128","2013-06-24 01:42:58","2019-06-18 21:52:25","4"
"4130","2013-06-25 12:52:51","2014-06-11 10:27:59","4"
"4138","2013-07-02 19:16:24","2017-02-23 15:21:45","4"
"4168","2013-07-13 08:29:12","2013-07-20 11:19:42","4"
"4180","2013-07-15 17:23:33","2013-07-21 13:25:50","4"
"4207","2013-07-27 11:50:31","2013-08-01 09:33:59","4"
"4229","2013-08-07 15:56:36","2013-11-20 15:02:24","4"
"4243","2013-08-13 04:40:46","2015-09-07 11:11:30","4"
"4244","2013-08-13 04:42:21","2015-09-07 11:11:31","4"
"4245","2013-08-13 04:43:02","2016-10-27 01:08:35","4"
"4246","2013-08-13 23:34:18","","2"
"4250","2013-08-14 15:18:22","","2"
"4253","2013-08-14 17:20:29","","2"
"4263","2013-08-20 21:22:34","2015-09-16 19:31:25","2"
"4265","2013-08-21 02:05:02","2018-02-03 14:51:39","3"
"4270","2013-08-28 07:16:25","2013-09-07 17:18:35","4"
"4271","2013-08-28 07:16:50","2013-09-07 17:18:36","4"
"4273","2013-08-29 16:37:06","","2"
"4283","2013-09-05 09:25:08","2013-09-19 13:04:14","4"
"4284","2013-09-05 12:31:04","2019-06-19 00:19:07","4"
"4292","2013-09-11 16:05:43","2014-01-25 12:46:50","4"
"4304","2013-09-13 11:48:39","2013-09-17 18:33:59","4"
"4308","2013-09-17 21:07:26","","2"
"4311","2013-09-19 00:28:56","2014-10-14 19:31:28","4"
"4312","2013-09-19 00:29:19","2014-05-05 11:44:49","4"
"4351","2013-10-06 07:17:19","2014-10-30 17:14:19","4"
"4353","2013-10-06 07:47:06","2014-04-26 09:12:34","4"
"4354","2013-10-06 07:47:12","2013-11-14 16:52:41","4"
"4355","2013-10-07 01:57:38","2015-04-23 05:37:09","4"
"4356","2013-10-07 07:17:13","2020-01-08 03:13:03","2"
"4367","2013-10-12 19:38:58","2015-05-01 09:19:47","4"
"4368","2013-10-14 11:00:45","2014-01-11 00:14:17","4"
"4374","2013-10-17 18:05:23","2013-10-20 15:53:06","2"
"4382","2013-10-22 13:52:59","2014-04-10 04:57:22","4"
"4387","2013-10-24 21:46:00","2014-05-19 11:32:09","4"
"4388","2013-10-24 21:46:15","2014-05-19 11:32:08","4"
"4389","2013-10-24 21:46:21","2014-05-19 11:32:06","4"
"4397","2013-10-30 03:51:49","2014-12-03 09:45:56","4"
"4403","2013-10-30 19:02:42","2015-05-01 09:29:06","4"
"4406","2013-11-01 08:19:29","2016-04-12 21:24:01","4"
"4407","2013-11-01 08:20:10","2016-10-28 14:31:01","4"
"4408","2013-11-01 08:20:17","2016-10-28 14:31:02","4"
"4413","2013-11-02 09:58:37","2015-09-04 16:26:28","4"
"4422","2013-11-05 01:12:43","2017-08-13 11:19:04","2"
"4427","2013-11-06 03:27:21","2015-09-09 00:21:16","4"
"4428","2013-11-06 03:27:33","2015-09-09 00:21:19","4"
"4429","2013-11-06 03:27:49","2015-02-17 13:10:33","4"
"4431","2013-11-06 05:55:27","2014-10-11 01:14:21","4"
"4432","2013-11-07 00:17:06","2016-07-01 13:21:54","4"
"4433","2013-11-07 00:19:46","2016-07-01 13:21:56","4"
"4434","2013-11-07 12:32:19","2013-11-20 16:26:04","4"
"4435","2013-11-08 00:11:20","2015-12-14 23:03:30","3"
"4436","2013-11-12 13:33:41","2016-09-08 17:23:12","4"
"4437","2013-11-12 16:43:42","2014-03-05 11:54:37","4"
"4442","2013-11-14 11:49:55","2014-06-19 13:49:29","4"
"4448","2013-11-20 06:19:03","2015-06-17 02:54:18","4"
"4449","2013-11-20 16:29:24","2015-02-13 04:02:58","4"
"4450","2013-11-21 10:57:53","2014-02-05 18:45:15","4"
"4452","2013-11-22 09:50:06","2016-02-29 13:07:43","4"
"4457","2013-12-03 08:28:49","2015-04-29 16:09:58","4"
"4458","2013-12-03 08:31:06","2015-04-29 16:10:00","4"
"4460","2013-12-04 10:10:30","2013-12-07 14:01:00","4"
"4467","2013-12-05 17:49:50","2014-05-10 16:46:50","4"
"4468","2013-12-06 15:39:27","2014-07-29 02:00:09","2"
"4469","2013-12-07 14:05:56","2013-12-30 15:16:49","4"
"4470","2013-12-07 15:25:46","2014-01-07 15:31:50","4"
"4473","2013-12-11 10:59:03","2014-08-02 17:22:55","4"
"4475","2013-12-13 00:33:13","","3"
"4478","2013-12-14 14:28:25","2020-08-17 02:33:50","4"
"4480","2013-12-15 18:52:44","2014-02-11 13:46:36","4"
"4481","2013-12-15 18:54:24","2013-12-20 09:25:33","4"
"4482","2013-12-15 18:54:33","2014-01-25 12:42:44","4"
"4493","2013-12-19 06:14:15","2014-03-05 11:54:22","4"
"4503","2013-12-25 22:48:58","2015-05-27 12:58:33","4"
"4504","2013-12-27 17:33:35","2016-04-22 14:09:07","3"
"4505","2013-12-27 17:34:02","2019-11-10 13:01:32","4"
"4506","2013-12-28 23:42:31","","3"
"4507","2013-12-28 23:44:52","","3"
"4508","2013-12-28 23:46:09","","2"
"4509","2013-12-29 02:40:57","2014-08-20 16:39:39","4"
"4514","2013-12-30 18:07:08","2014-01-17 09:24:01","4"
"4516","2013-12-31 15:02:45","2015-04-30 17:11:56","4"
"4517","2014-01-01 03:45:18","2014-01-13 21:35:33","4"
"4518","2014-01-02 02:42:39","2014-06-16 14:27:37","4"
"4521","2014-01-02 12:41:12","2014-01-27 08:43:51","4"
"4527","2014-01-02 13:21:03","2014-03-09 11:58:08","4"
"4529","2014-01-02 20:03:53","2014-06-16 14:27:24","4"
"4535","2014-01-06 23:17:58","2015-04-18 03:18:36","4"
"4536","2014-01-07 03:52:52","2014-01-17 21:38:23","2"
"4544","2014-01-10 13:21:34","2019-11-12 13:25:07","4"
"4546","2014-01-12 20:58:52","2014-03-05 14:28:24","4"
"4549","2014-01-13 20:35:18","2016-04-13 20:13:57","4"
"4556","2014-01-18 16:19:49","2015-09-26 07:18:30","4"
"4557","2014-01-18 16:37:27","2015-03-15 09:32:28","4"
"4558","2014-01-18 20:09:09","","3"
"4568","2014-01-22 06:44:19","2014-12-12 00:51:27","4"
"4569","2014-01-23 11:11:28","2014-01-30 09:27:33","4"
"4572","2014-01-25 16:04:32","2015-03-15 09:32:40","4"
"4574","2014-01-26 19:38:32","","3"
"4575","2014-01-28 07:43:17","2020-10-26 02:18:47","4"
"4580","2014-02-02 22:03:23","","2"
"4581","2014-02-03 00:15:01","2016-04-12 21:25:14","4"
"4582","2014-02-03 00:15:59","2016-04-12 21:24:08","4"
"4594","2014-02-08 18:10:59","2014-03-05 11:53:34","4"
"4598","2014-02-09 12:19:20","2014-02-12 01:29:07","4"
"4600","2014-02-09 19:45:26","2014-08-22 16:19:54","4"
"4601","2014-02-09 19:45:36","2014-08-22 16:19:55","4"
"4608","2014-02-14 19:56:38","2014-02-16 20:48:28","4"
"4610","2014-02-15 17:28:56","2014-05-05 03:05:52","2"
"4612","2014-02-16 17:32:54","2014-10-06 14:43:38","4"
"4618","2014-02-19 18:01:38","2016-05-24 10:26:00","4"
"4620","2014-02-24 08:55:22","2016-04-22 14:08:58","2"
"4644","2014-03-07 21:18:27","2014-05-04 16:10:46","2"
"4654","2014-03-13 01:37:19","2014-04-25 05:07:42","4"
"4657","2014-03-16 01:55:41","2014-07-07 13:34:58","4"
"4659","2014-03-17 20:54:52","","2"
"4668","2014-03-22 14:42:12","2015-02-06 17:40:23","3"
"4674","2014-03-27 11:12:53","2014-04-02 14:48:30","4"
"4676","2014-03-29 15:26:06","2014-04-02 06:34:13","4"
"4696","2014-04-07 09:34:55","2014-04-07 10:24:42","4"
"4699","2014-04-09 17:26:51","","2"
"4703","2014-04-10 12:04:32","2021-01-01 21:17:35","4"
"4705","2014-04-10 17:12:42","2019-03-03 07:15:26","4"
"4707","2014-04-11 18:16:52","2015-07-11 08:26:05","2"
"4713","2014-04-14 13:34:38","2014-06-12 15:18:59","4"
"4716","2014-04-15 06:01:38","2014-05-01 06:27:58","4"
"4721","2014-04-18 13:55:28","2014-04-20 20:27:30","4"
"4722","2014-04-18 13:55:41","2014-04-20 20:27:32","4"
"4723","2014-04-18 13:55:51","2014-04-20 20:27:33","4"
"4724","2014-04-18 13:56:03","2014-04-20 20:27:36","4"
"4725","2014-04-18 13:56:14","2014-04-20 20:27:38","4"
"4726","2014-04-18 13:56:32","2014-04-20 20:27:40","4"
"4731","2014-04-22 23:18:25","2017-07-21 09:28:22","2"
"4734","2014-04-27 00:36:24","","3"
"4744","2014-05-06 13:43:13","2014-06-17 13:25:01","4"
"4747","2014-05-11 18:10:52","2015-02-06 17:40:08","2"
"4749","2014-05-12 15:05:55","2014-06-16 11:21:02","4"
"4758","2014-05-20 18:32:36","2014-06-03 22:45:12","2"
"4759","2014-05-25 14:31:45","2014-06-06 12:10:28","4"
"4762","2014-05-29 11:12:06","2016-03-26 19:01:54","4"
"4775","2014-06-09 14:25:53","2016-05-18 20:51:18","4"
"4820","2014-06-20 18:22:42","2017-12-06 22:54:06","4"
"4827","2014-06-20 18:35:40","2014-12-07 16:28:22","4"
"4859","2014-07-05 23:16:47","2014-07-06 17:25:21","2"
"4875","2014-07-16 09:10:38","2017-04-14 23:02:30","2"
"4876","2014-07-17 08:04:57","2015-02-06 17:18:01","3"
"4878","2014-07-21 08:55:27","2015-11-01 08:36:17","4"
"4890","2014-07-26 09:33:38","2015-01-08 12:17:54","4"
"4906","2014-07-29 16:27:35","2015-10-29 20:10:52","4"
"4907","2014-07-30 17:03:07","","2"
"4917","2014-08-11 16:14:04","","3"
"4922","2014-08-15 07:24:02","2015-09-06 22:02:11","4"
"4924","2014-08-18 07:09:05","2021-01-22 09:40:46","4"
"4925","2014-08-18 20:06:15","2014-08-19 00:52:14","4"
"4927","2014-08-19 05:53:16","2014-08-20 07:36:46","3"
"4930","2014-08-20 22:51:36","2020-07-20 08:47:24","4"
"4938","2014-08-29 08:30:13","2015-02-17 13:03:15","4"
"4957","2014-09-19 20:34:27","","2"
"4961","2014-09-21 12:14:25","2017-10-24 11:05:23","4"
"4962","2014-09-21 12:16:58","2019-11-10 13:02:52","4"
"4973","2014-09-26 15:34:48","2015-05-05 09:28:20","4"
"4977","2014-10-01 13:26:33","2019-06-18 21:52:24","4"
"4978","2014-10-01 14:28:50","2018-05-09 19:51:50","4"
"4981","2014-10-05 13:28:50","2015-01-25 14:17:42","4"
"4983","2014-10-07 20:36:36","2014-10-08 13:40:05","4"
"4993","2014-10-10 10:19:30","2015-01-12 11:37:15","4"
"4996","2014-10-13 20:11:43","2014-12-17 18:55:57","4"
"4998","2014-10-14 06:39:28","2015-05-18 16:18:11","4"
"5003","2014-10-14 12:49:28","2019-06-18 21:52:21","4"
"5005","2014-10-15 15:03:27","2014-11-26 16:10:55","4"
"5007","2014-10-17 06:43:00","2019-06-28 12:28:22","4"
"5008","2014-10-17 06:43:09","2019-06-28 12:28:22","4"
"5015","2014-10-20 08:09:56","2014-12-12 06:55:48","4"
"5033","2014-10-20 13:41:02","2015-01-30 19:47:44","3"
"5037","2014-10-20 19:00:49","2015-01-09 17:41:17","4"
"5038","2014-10-20 19:01:38","2014-12-15 11:55:02","4"
"5039","2014-10-20 19:01:47","2015-01-08 12:17:38","4"
"5049","2014-10-20 21:43:29","2015-09-06 05:20:30","4"
"5050","2014-10-20 21:43:39","2015-11-06 13:54:02","4"
"5051","2014-10-20 21:44:18","2016-01-05 16:46:44","4"
"5052","2014-10-20 21:44:34","2015-10-02 03:42:37","4"
"5053","2014-10-20 21:44:40","2015-09-29 18:28:21","4"
"5071","2014-10-29 07:03:01","2015-01-30 19:46:26","3"
"5082","2014-11-01 15:13:59","2014-12-15 10:10:27","4"
"5085","2014-11-06 13:25:16","2015-01-30 19:45:24","2"
"5086","2014-11-06 15:17:16","2014-11-13 21:56:08","2"
"5089","2014-11-08 09:54:56","2014-12-05 13:16:45","4"
"5090","2014-11-12 03:32:31","2019-06-20 19:46:09","4"
"5091","2014-11-12 07:02:06","2014-11-17 23:12:21","4"
"5095","2014-11-14 21:57:13","2017-04-17 03:30:59","4"
"5097","2014-11-15 02:42:36","2015-01-30 19:45:08","2"
"5098","2014-11-15 02:42:45","2015-01-30 19:44:53","2"
"5099","2014-11-16 06:28:43","2014-12-21 07:32:20","4"
"5100","2014-11-17 18:55:11","2014-12-08 19:48:47","4"
"5103","2014-11-18 11:07:31","2015-10-07 06:00:39","4"
"5104","2014-11-19 17:21:25","2019-07-01 09:10:22","4"
"5105","2014-11-19 20:34:34","2014-12-28 11:06:06","3"
"5108","2014-11-20 17:09:32","2014-12-01 21:29:27","4"
"5114","2014-11-25 22:00:58","","2"
"5125","2014-12-04 12:34:33","2015-01-07 22:32:30","3"
"5135","2014-12-10 11:55:02","2015-01-13 15:34:20","4"
"5138","2014-12-12 19:25:18","2020-07-22 02:41:18","2"
"5139","2014-12-12 19:25:28","2020-07-27 22:50:12","3"
"5150","2014-12-17 21:08:54","2015-01-09 18:36:08","4"
"5167","2015-01-06 15:52:04","2020-05-05 17:56:41","4"
"5168","2015-01-07 07:33:18","2015-01-09 18:32:03","4"
"5173","2015-01-09 15:33:51","2015-01-30 19:44:13","3"
"5174","2015-01-09 17:30:36","2015-01-09 18:35:05","4"
"5175","2015-01-09 18:37:07","2015-01-30 19:44:15","3"
"5176","2015-01-09 22:55:20","2017-03-16 14:34:14","3"
"5177","2015-01-09 22:55:30","2017-03-16 14:27:21","2"
"5178","2015-01-11 12:24:16","2015-06-19 13:54:55","4"
"5195","2015-01-19 17:43:21","2016-11-06 21:23:46","4"
"5196","2015-01-20 13:44:57","2015-02-06 17:07:19","3"
"5197","2015-01-20 14:15:01","2015-02-06 17:07:21","3"
"5198","2015-01-21 19:07:36","2015-05-14 10:43:19","4"
"5201","2015-01-24 08:38:57","2015-03-15 08:20:40","4"
"5231","2015-02-11 21:21:17","2017-10-29 07:13:05","4"
"5239","2015-02-17 12:59:46","","2"
"5243","2015-02-21 01:25:23","2015-06-19 13:54:46","4"
"5256","2015-03-09 10:55:17","2015-03-24 21:10:20","4"
"5257","2015-03-09 15:40:13","","2"
"5259","2015-03-09 21:52:32","2015-04-30 19:47:33","4"
"5268","2015-03-13 15:22:01","","3"
"5269","2015-03-14 02:05:40","","2"
"5274","2015-03-15 08:18:10","2015-05-12 19:30:29","4"
"5275","2015-03-15 08:19:43","2015-05-13 12:49:53","4"
"5285","2015-03-18 16:13:12","2015-08-04 14:17:46","4"
"5288","2015-03-24 20:16:48","2015-04-29 19:11:39","4"
"5290","2015-03-26 01:10:42","2017-08-04 23:10:17","4"
"5291","2015-03-26 05:01:45","2018-08-27 03:44:37","2"
"5292","2015-03-27 02:54:04","2018-09-18 22:09:55","2"
"5293","2015-03-27 03:41:21","2015-04-17 01:22:02","4"
"5296","2015-04-01 21:03:18","2015-05-04 18:25:09","4"
"5297","2015-04-01 21:06:06","2016-06-01 21:17:12","4"
"5299","2015-04-02 20:42:37","2019-06-18 21:52:12","4"
"5301","2015-04-04 00:38:53","2015-08-23 13:17:18","4"
"5303","2015-04-06 10:00:21","2016-02-26 18:02:31","4"
"5308","2015-04-10 20:11:55","2017-07-19 11:01:35","4"
"5309","2015-04-11 14:50:47","2015-06-19 13:54:38","4"
"5310","2015-04-11 23:27:02","2015-04-11 23:35:25","4"
"5311","2015-04-12 09:43:31","2015-07-13 15:52:35","4"
"5322","2015-04-20 10:10:19","2015-05-04 10:09:19","4"
"5323","2015-04-21 15:39:39","2015-10-15 11:30:02","4"
"5324","2015-04-22 20:58:49","2015-05-03 10:09:19","4"
"5327","2015-04-23 23:52:23","2015-08-03 04:07:50","4"
"5340","2015-04-24 07:19:47","","2"
"5347","2015-04-28 08:49:22","","2"
"5350","2015-04-29 18:42:34","2015-04-30 18:42:14","4"
"5351","2015-04-30 06:57:46","2015-12-07 16:51:13","4"
"5352","2015-04-30 09:36:55","2020-02-17 15:41:59","4"
"5353","2015-04-30 10:49:32","2020-04-23 05:35:23","4"
"5357","2015-05-03 03:45:41","2015-08-07 08:59:46","4"
"5366","2015-05-10 21:05:10","2015-05-22 12:41:23","4"
"5368","2015-05-13 08:09:24","2015-08-11 17:42:09","4"
"5369","2015-05-13 09:13:21","","2"
"5370","2015-05-13 13:37:26","2017-07-28 14:40:21","4"
"5373","2015-05-18 00:03:06","2015-06-05 21:39:53","4"
"5375","2015-05-20 05:54:37","2019-12-15 08:47:09","4"
"5377","2015-05-21 21:14:40","2021-08-18 03:07:51","4"
"5378","2015-05-25 16:04:10","2015-05-28 06:32:39","4"
"5379","2015-05-26 13:16:48","2015-09-26 22:40:55","4"
"5380","2015-05-26 13:17:57","2015-09-28 04:41:03","4"
"5381","2015-05-26 13:18:19","2015-09-28 04:41:05","4"
"5383","2015-05-30 06:37:44","2015-09-28 04:41:06","4"
"5403","2015-06-11 14:06:52","2015-09-08 20:30:48","4"
"5404","2015-06-11 19:47:31","2015-09-07 11:55:57","4"
"5406","2015-06-11 23:52:41","2015-09-07 15:28:21","4"
"5407","2015-06-12 00:02:54","2015-10-19 09:13:27","4"
"5408","2015-06-12 00:02:58","2015-12-15 18:52:39","4"
"5409","2015-06-12 00:03:02","2015-10-19 09:13:29","4"
"5410","2015-06-12 00:03:06","2015-12-15 18:52:40","4"
"5411","2015-06-12 00:03:11","2015-12-15 18:52:44","4"
"5412","2015-06-12 00:03:16","2015-10-19 09:13:33","4"
"5413","2015-06-12 00:03:20","2015-10-19 09:13:34","4"
"5414","2015-06-12 00:03:24","2015-12-15 18:52:43","4"
"5417","2015-06-13 17:48:51","2020-11-16 10:50:44","4"
"5422","2015-06-16 14:21:33","","2"
"5423","2015-06-18 15:37:27","2015-12-13 21:27:59","4"
"5426","2015-06-19 12:22:44","2019-07-02 11:27:24","4"
"5431","2015-06-27 11:06:50","","2"
"5441","2015-06-30 14:11:49","","2"
"5442","2015-07-02 13:40:47","2015-09-26 10:50:03","4"
"5443","2015-07-02 13:41:04","2015-09-26 10:50:05","4"
"5444","2015-07-02 13:41:16","2015-09-26 10:50:06","4"
"5448","2015-07-07 10:17:28","2016-09-01 13:57:16","4"
"5450","2015-07-07 10:29:24","2020-01-29 03:59:20","4"
"5451","2015-07-07 10:29:55","2020-01-29 03:59:25","4"
"5452","2015-07-07 12:12:25","2015-09-09 08:51:11","4"
"5458","2015-07-11 19:19:23","2016-01-15 11:22:38","4"
"5459","2015-07-13 13:18:59","2015-12-27 05:38:58","3"
"5462","2015-07-15 22:30:35","2015-09-28 04:41:07","4"
"5463","2015-07-16 07:17:23","2015-09-28 04:41:08","4"
"5464","2015-07-17 12:44:23","2019-04-16 11:03:42","4"
"5467","2015-07-21 01:29:43","2021-10-15 20:17:50","3"
"5468","2015-07-22 02:46:34","2016-03-04 05:46:45","4"
"5477","2015-07-31 21:07:59","2017-11-02 00:54:50","4"
"5493","2015-08-08 17:24:47","2018-08-27 16:48:37","2"
"5495","2015-08-11 09:03:15","2015-08-13 16:44:05","2"
"5497","2015-08-11 16:55:23","2018-05-14 11:58:22","4"
"5508","2015-08-17 15:25:17","2015-09-06 04:24:00","4"
"5513","2015-08-19 18:22:04","2019-06-20 02:30:14","4"
"5514","2015-08-20 10:56:16","2016-10-19 07:27:48","3"
"5516","2015-08-23 07:38:37","2016-06-26 07:36:58","4"
"5518","2015-08-24 08:54:33","","3"
"5524","2015-08-28 03:33:49","2019-03-29 00:55:09","3"
"5529","2015-09-04 14:32:33","2015-09-07 12:08:02","4"
"5530","2015-09-05 12:14:25","2016-05-15 19:28:47","4"
"5531","2015-09-05 12:16:34","2020-06-14 09:40:03","4"
"5533","2015-09-06 05:50:23","2015-10-19 09:12:22","4"
"5535","2015-09-06 17:01:04","2017-08-13 09:43:34","2"
"5536","2015-09-06 17:38:21","2018-07-05 19:46:01","2"
"5541","2015-09-07 13:48:09","2016-03-07 04:36:34","4"
"5542","2015-09-07 14:49:30","","2"
"5544","2015-09-09 14:59:10","2015-09-23 06:07:40","4"
"5545","2015-09-10 04:44:34","2016-02-04 06:21:02","4"
"5553","2015-09-15 03:30:38","2017-02-23 08:46:12","4"
"5555","2015-09-19 15:19:23","2015-10-01 05:18:57","4"
"5559","2015-09-19 21:43:34","2018-07-05 19:45:40","3"
"5561","2015-09-19 21:50:43","2015-09-24 05:13:23","4"
"5569","2015-09-25 22:17:23","","2"
"5570","2015-09-26 03:46:24","2017-08-13 09:33:11","3"
"5571","2015-09-26 03:46:33","2017-08-13 09:32:39","3"
"5573","2015-09-27 01:52:34","2017-08-13 09:32:12","3"
"5579","2015-09-29 20:15:41","2016-08-01 07:49:09","4"
"5581","2015-09-30 16:08:33","2015-09-30 17:13:45","2"
"5583","2015-09-30 23:16:29","2018-05-14 11:58:17","4"
"5588","2015-10-05 19:04:56","","3"
"5592","2015-10-13 02:08:30","2016-05-11 19:09:48","3"
"5593","2015-10-13 11:59:27","2016-10-22 13:53:17","4"
"5596","2015-10-16 13:15:05","2019-02-09 10:16:32","3"
"5598","2015-10-16 20:51:28","2016-04-12 21:18:03","4"
"5601","2015-10-21 14:56:43","2015-11-06 11:50:05","4"
"5602","2015-10-21 16:34:19","2015-10-23 21:12:14","4"
"5603","2015-10-21 16:34:25","2015-10-22 17:21:09","4"
"5609","2015-10-23 22:48:40","2017-08-09 19:54:38","2"
"5610","2015-10-26 05:01:50","2020-03-18 19:10:18","4"
"5611","2015-10-27 13:08:26","2016-04-20 03:59:39","4"
"5614","2015-11-07 01:35:20","2017-08-13 09:23:04","2"
"5616","2015-11-08 23:46:43","2016-01-06 13:10:38","4"
"5621","2015-11-10 21:32:13","2015-11-13 22:11:08","4"
"5624","2015-11-12 06:56:22","2015-11-18 15:40:03","4"
"5625","2015-11-12 16:50:31","2017-10-18 22:22:25","4"
"5627","2015-11-13 21:02:48","2016-02-22 02:24:57","4"
"5630","2015-11-17 04:52:18","","3"
"5633","2015-11-21 09:48:29","2019-02-09 10:14:06","2"
"5634","2015-11-26 11:49:43","2016-02-02 20:29:14","4"
"5640","2015-12-02 02:34:14","2016-02-14 14:04:52","4"
"5643","2015-12-02 22:01:22","2017-03-22 13:24:27","4"
"5646","2015-12-07 23:59:26","2015-12-17 15:58:13","4"
"5648","2015-12-10 05:20:49","2016-01-10 10:50:32","4"
"5656","2015-12-21 12:57:34","2017-06-19 14:48:19","4"
"5658","2015-12-26 17:53:49","2015-12-27 05:38:09","3"
"5659","2015-12-27 18:01:25","2021-10-15 20:18:39","3"
"5660","2015-12-27 19:31:00","2018-05-18 10:45:00","2"
"5662","2015-12-28 22:13:59","2019-06-28 07:19:35","4"
"5663","2015-12-28 22:14:03","","3"
"5664","2015-12-29 04:27:16","2016-01-10 18:00:49","4"
"5668","2016-01-04 14:21:06","2017-06-19 14:47:54","4"
"5670","2016-01-05 08:38:40","2018-11-06 09:53:25","4"
"5671","2016-01-06 11:35:42","2019-01-23 00:46:36","3"
"5672","2016-01-06 13:09:36","2016-06-28 17:59:56","3"
"5674","2016-01-08 11:13:57","2017-05-30 09:48:27","5"
"5675","2016-01-09 12:55:30","2016-06-28 17:59:58","3"
"5696","2016-01-27 06:25:28","","2"
"5697","2016-01-27 09:47:09","2017-04-11 07:10:48","4"
"5701","2016-02-01 18:37:19","2016-02-04 18:14:29","4"
"5704","2016-02-04 09:54:18","2019-03-05 12:26:28","4"
"5705","2016-02-04 12:48:42","2019-07-09 22:11:45","4"
"5711","2016-02-11 14:59:53","2018-03-02 16:05:30","2"
"5714","2016-02-11 17:51:59","","2"
"5729","2016-02-22 21:07:12","","3"
"5730","2016-02-24 16:43:15","","3"
"5733","2016-02-26 18:37:01","","2"
"5738","2016-03-04 07:52:05","2017-10-10 04:57:09","3"
"5739","2016-03-07 07:58:16","2016-03-30 11:56:45","4"
"5757","2016-03-08 05:34:52","2019-03-02 00:07:14","4"
"5765","2016-03-17 23:37:02","2016-05-20 16:32:42","4"
"5766","2016-03-18 19:57:44","2017-05-28 15:33:44","3"
"5767","2016-03-18 20:01:25","2016-06-18 17:16:30","4"
"5768","2016-03-18 20:04:25","2018-07-18 11:26:34","4"
"5772","2016-03-19 15:02:38","2019-12-03 08:22:55","4"
"5776","2016-03-23 10:08:13","2016-09-22 09:28:16","4"
"5779","2016-03-24 10:18:13","2020-02-06 22:49:20","3"
"5780","2016-03-24 15:02:48","","3"
"5788","2016-04-06 05:27:15","2016-04-06 06:07:48","4"
"5793","2016-04-08 13:37:10","2016-04-08 14:33:18","4"
"5794","2016-04-08 15:23:42","2016-06-30 01:47:48","4"
"5796","2016-04-11 15:48:16","","3"
"5797","2016-04-11 15:49:35","","3"
"5801","2016-04-13 18:56:11","2016-12-04 18:09:34","4"
"5805","2016-04-18 16:31:08","2021-02-02 10:09:42","4"
"5815","2016-04-28 02:00:26","2016-06-03 02:58:43","3"
"5816","2016-04-28 16:56:44","2017-02-03 19:41:16","4"
"5825","2016-05-09 11:13:13","2021-08-05 14:13:17","4"
"5827","2016-05-14 11:51:19","2016-09-16 16:50:44","4"
"5830","2016-05-19 11:15:27","","2"
"5831","2016-05-20 17:25:18","","2"
"5835","2016-05-26 07:42:33","2016-07-26 20:05:40","4"
"5837","2016-05-27 02:43:04","2018-08-05 12:01:25","4"
"5839","2016-05-28 07:36:59","2016-06-29 09:35:29","4"
"5843","2016-06-01 05:39:50","2017-01-27 12:49:16","4"
"5846","2016-06-03 16:52:52","","2"
"5850","2016-06-07 15:02:18","2016-06-07 15:13:53","4"
"5851","2016-06-07 20:01:24","2016-06-13 10:37:06","4"
"5853","2016-06-08 15:48:50","2017-08-21 04:40:21","2"
"5865","2016-06-13 17:26:49","2016-07-26 20:04:46","3"
"5866","2016-06-13 17:30:38","2016-08-14 17:44:52","4"
"5868","2016-06-15 17:37:52","2016-06-17 07:30:29","4"
"5870","2016-06-18 22:24:56","","2"
"5873","2016-06-24 07:42:13","2019-06-21 18:00:17","4"
"5876","2016-07-01 11:58:35","2016-11-20 12:32:01","4"
"5904","2016-07-07 02:36:01","","2"
"5905","2016-07-07 11:52:03","2017-05-09 20:03:23","4"
"5908","2016-07-10 14:56:14","2020-04-26 00:17:11","4"
"5909","2016-07-18 16:23:03","2016-08-09 15:39:05","4"
"5911","2016-07-20 19:54:50","2017-04-19 17:37:31","4"
"5917","2016-07-24 21:27:30","2016-09-17 13:55:29","4"
"5920","2016-07-27 15:13:26","2016-11-07 11:54:09","4"
"5922","2016-07-29 02:20:29","2019-07-02 11:27:23","4"
"5923","2016-07-29 02:22:06","2019-07-02 11:27:22","4"
"5927","2016-07-30 20:04:29","2017-11-14 13:44:13","4"
"5931","2016-08-04 20:25:46","2018-08-26 18:52:14","4"
"5935","2016-08-11 15:57:15","2018-02-02 10:56:14","4"
"5936","2016-08-15 00:22:13","2018-05-24 10:01:57","4"
"5939","2016-08-17 07:23:59","2019-06-19 09:20:55","4"
"5964","2016-08-29 14:58:31","2017-02-14 20:24:33","4"
"5971","2016-09-11 19:55:33","2019-06-19 16:22:42","4"
"5972","2016-09-11 21:54:03","2020-06-04 12:22:10","4"
"5987","2016-10-12 13:26:25","2019-02-09 10:09:39","2"
"5988","2016-10-13 01:53:31","","2"
"5991","2016-10-14 02:26:33","2017-03-09 18:31:46","4"
"5996","2016-10-22 15:05:40","2017-07-16 14:21:59","5"
"5999","2016-10-25 16:39:39","","2"
"6002","2016-10-27 00:06:41","2016-12-10 14:03:24","4"
"6004","2016-10-27 07:46:52","","2"
"6005","2016-10-27 07:46:59","","2"
"6009","2016-10-28 00:53:19","2016-12-09 22:50:52","4"
"6011","2016-10-31 09:20:37","2016-11-26 12:56:41","4"
"6012","2016-11-01 20:57:15","2016-11-29 05:28:48","4"
"6019","2016-11-10 06:35:31","2017-02-21 15:51:39","5"
"6020","2016-11-10 06:36:07","2017-02-21 15:51:40","5"
"6024","2016-11-17 13:58:18","2018-08-03 17:45:16","4"
"6025","2016-11-17 13:58:22","2018-07-23 14:07:57","4"
"6026","2016-11-19 06:18:26","2017-04-02 14:08:36","3"
"6028","2016-11-22 16:05:34","2016-12-09 22:16:05","4"
"6030","2016-11-23 12:41:12","2017-04-21 20:38:11","4"
"6032","2016-11-24 19:49:45","2019-06-18 20:01:24","4"
"6036","2016-11-30 03:36:19","","2"
"6041","2016-12-08 21:53:45","2016-12-12 11:35:02","3"
"6042","2016-12-09 13:14:03","2018-05-06 19:07:59","4"
"6043","2016-12-09 13:52:13","2016-12-12 16:29:15","4"
"6046","2016-12-12 02:59:21","2019-06-19 06:30:33","4"
"6047","2016-12-14 07:42:18","2017-04-03 06:33:44","4"
"6050","2016-12-16 07:03:15","","2"
"6051","2016-12-16 07:03:19","","2"
"6052","2016-12-16 07:03:22","","2"
"6053","2016-12-16 07:03:27","","2"
"6054","2016-12-16 07:03:31","","2"
"6055","2016-12-16 07:05:57","","3"
"6056","2016-12-16 15:56:25","2019-06-20 09:47:29","4"
"6057","2016-12-16 16:28:58","2017-10-24 20:44:40","4"
"6060","2016-12-17 09:14:12","2017-02-05 13:55:37","4"
"6065","2016-12-18 13:44:41","2019-02-09 10:08:36","3"
"6066","2016-12-18 13:45:39","2019-02-09 10:08:34","3"
"6067","2016-12-18 13:46:19","2017-03-01 21:00:31","4"
"6069","2016-12-18 20:35:34","2017-01-03 05:52:51","4"
"6071","2016-12-19 05:02:22","2019-02-09 04:52:17","3"
"6073","2016-12-19 16:06:05","2016-12-19 16:19:09","4"
"6076","2016-12-21 16:58:33","2017-01-06 15:09:12","4"
"6079","2016-12-23 04:25:33","2018-04-23 07:22:19","4"
"6084","2016-12-29 08:54:35","2017-01-03 01:47:10","4"
"6085","2016-12-29 15:27:48","2019-01-29 05:04:01","4"
"6086","2016-12-29 15:27:52","2018-08-07 22:23:51","4"
"6087","2016-12-29 15:28:13","2018-08-07 22:23:53","4"
"6088","2016-12-29 15:28:17","2018-08-07 22:23:54","4"
"6095","2017-01-08 07:19:42","2017-01-09 17:03:00","4"
"6096","2017-01-11 17:31:16","2017-03-15 11:22:35","4"
"6097","2017-01-11 17:40:32","2017-03-15 11:22:37","4"
"6100","2017-01-17 11:05:33","2018-08-10 04:55:53","3"
"6103","2017-01-23 08:36:12","2017-02-14 06:51:31","4"
"6110","2017-01-25 22:43:36","2017-03-21 13:11:12","3"
"6114","2017-01-30 14:47:00","2019-06-19 07:01:35","4"
"6115","2017-01-31 19:41:12","2018-04-22 00:49:51","4"
"6122","2017-02-07 04:33:11","2018-03-05 19:35:14","4"
"6132","2017-02-14 08:03:10","2017-07-24 15:07:22","4"
"6133","2017-02-14 08:06:17","2017-07-24 15:10:05","4"
"6135","2017-02-17 12:41:07","2018-03-14 21:39:02","4"
"6138","2017-02-19 16:19:53","2018-07-28 04:08:31","4"
"6152","2017-03-01 21:01:08","2018-06-09 03:37:54","4"
"6161","2017-03-10 14:53:18","2017-04-10 20:24:23","4"
"6162","2017-03-11 16:04:03","2018-09-17 18:57:47","2"
"6163","2017-03-12 14:39:03","2017-08-09 12:53:37","4"
"6164","2017-03-13 15:41:22","2020-08-03 04:41:25","4"
"6171","2017-03-19 18:56:40","","2"
"6172","2017-03-20 19:39:01","","3"
"6173","2017-03-20 22:23:52","2020-03-16 13:33:27","4"
"6178","2017-03-23 16:15:48","2019-02-09 22:13:06","2"
"6179","2017-03-24 19:39:50","","3"
"6180","2017-03-26 14:54:19","","3"
"6182","2017-03-31 11:44:03","2017-04-10 20:24:10","4"
"6184","2017-03-31 11:47:11","2017-05-11 02:02:07","4"
"6185","2017-03-31 11:47:14","2017-05-11 02:02:08","4"
"6187","2017-04-02 13:26:48","2017-04-29 07:40:04","4"
"6188","2017-04-03 03:23:37","2017-04-28 06:13:51","4"
"6189","2017-04-03 03:23:51","2017-04-28 06:13:52","4"
"6191","2017-04-04 18:08:22","2017-07-13 10:22:42","4"
"6200","2017-04-08 21:11:26","2019-02-10 21:47:36","2"
"6204","2017-04-11 08:37:16","2017-08-03 16:29:55","4"
"6207","2017-04-12 16:27:17","","2"
"6208","2017-04-12 17:30:36","2019-04-07 15:12:09","4"
"6209","2017-04-13 09:09:51","","3"
"6219","2017-04-20 15:26:43","2017-12-30 17:14:07","4"
"6226","2017-04-28 03:49:55","2017-04-28 06:13:54","4"
"6231","2017-05-08 13:29:38","2020-12-23 18:53:14","4"
"6232","2017-05-08 21:49:28","2018-01-30 00:04:15","4"
"6236","2017-05-13 14:04:18","2019-04-07 15:12:13","4"
"6250","2017-05-28 03:54:53","2020-06-14 09:17:48","4"
"6252","2017-06-16 14:06:27","2017-06-16 19:18:12","4"
"6253","2017-06-19 03:20:57","2017-10-25 08:46:46","4"
"6254","2017-06-19 03:22:15","2018-04-16 08:04:59","4"
"6255","2017-06-19 13:12:49","2017-06-19 16:15:48","4"
"6270","2017-07-01 06:35:46","2019-06-28 12:28:14","4"
"6271","2017-07-01 06:53:39","2019-02-09 10:06:14","3"
"6272","2017-07-03 13:56:15","2019-10-10 12:31:09","4"
"6278","2017-07-07 15:52:34","2018-01-04 17:58:45","4"
"6281","2017-07-10 14:19:27","2017-07-10 18:11:12","4"
"6284","2017-07-14 19:07:16","","3"
"6285","2017-07-14 19:07:26","2020-05-21 18:22:42","4"
"6286","2017-07-15 12:58:50","2021-10-15 06:14:00","4"
"6304","2017-08-01 22:17:01","2017-10-07 12:59:21","2"
"6349","2017-08-21 12:10:30","","2"
"6352","2017-08-27 05:13:18","2020-06-14 09:39:58","4"
"6358","2017-09-04 07:34:49","2017-09-14 20:20:38","2"
"6372","2017-09-24 02:35:19","","2"
"6385","2017-09-29 10:00:25","2018-05-08 09:25:59","4"
"6390","2017-10-04 01:02:04","2017-10-04 14:44:26","4"
"6394","2017-10-06 13:27:59","2017-10-09 10:46:52","4"
"6395","2017-10-06 19:26:44","2017-10-10 15:28:48","4"
"6396","2017-10-06 22:38:45","2017-10-09 18:16:40","4"
"6403","2017-10-09 10:47:49","2017-10-10 15:28:51","4"
"6404","2017-10-09 14:28:01","2017-11-08 14:46:04","4"
"6406","2017-10-10 16:49:46","2019-02-11 02:41:06","2"
"6408","2017-10-13 02:10:47","2018-06-04 03:05:29","4"
"6417","2017-10-17 16:44:48","2019-09-13 07:46:36","4"
"6418","2017-10-17 16:44:54","2019-09-13 07:46:26","4"
"6423","2017-10-18 21:11:57","","3"
"6425","2017-10-19 12:40:12","2018-08-10 17:11:47","4"
"6429","2017-10-20 13:55:54","2017-12-04 17:20:19","4"
"6431","2017-10-21 18:04:40","2018-09-17 18:54:37","2"
"6435","2017-10-25 08:51:13","2018-04-16 08:05:14","4"
"6436","2017-10-25 08:51:26","2018-03-07 11:16:08","4"
"6437","2017-10-25 15:34:58","2019-06-19 13:44:41","4"
"6441","2017-10-27 09:01:20","2017-10-27 16:10:01","4"
"6449","2017-10-29 17:50:25","2018-04-17 05:11:26","4"
"6450","2017-10-29 17:50:40","2018-04-17 05:11:21","4"
"6451","2017-10-29 17:51:27","","3"
"6452","2017-10-29 22:15:37","2019-05-12 05:14:57","2"
"6456","2017-11-01 04:16:14","2017-11-07 10:42:12","3"
"6457","2017-11-03 15:36:14","2018-01-21 00:41:30","4"
"6465","2017-11-20 16:26:06","2017-12-13 10:40:13","3"
"6466","2017-11-21 13:56:10","2019-07-24 00:41:50","4"
"6468","2017-11-21 16:43:24","2019-04-07 07:23:12","3"
"6472","2017-11-28 17:34:48","2019-06-08 05:23:02","2"
"6473","2017-12-01 15:23:42","","3"
"6477","2017-12-05 11:52:59","2020-12-16 12:08:19","4"
"6478","2017-12-06 10:17:37","2018-09-20 23:41:49","3"
"6485","2017-12-08 20:18:47","2018-12-29 19:44:43","4"
"6491","2017-12-21 21:42:45","2019-02-09 10:04:49","2"
"6493","2017-12-22 19:33:57","2019-02-09 10:05:09","3"
"6496","2017-12-28 02:04:41","2020-09-26 18:20:59","2"
"6497","2017-12-28 20:21:28","","3"
"6502","2017-12-31 12:19:09","2019-06-20 15:47:28","4"
"6509","2018-01-16 06:41:10","2018-01-16 18:49:44","4"
"6514","2018-01-23 20:38:39","","2"
"6520","2018-02-02 19:44:31","2018-02-23 21:29:25","4"
"6521","2018-02-05 17:58:27","","2"
"6523","2018-02-07 10:18:19","2018-02-12 15:55:03","4"
"6524","2018-02-07 10:38:47","","2"
"6525","2018-02-08 15:38:45","2018-02-10 04:42:59","4"
"6527","2018-02-12 01:24:17","2018-04-17 13:12:36","4"
"6528","2018-02-13 18:00:00","2019-12-11 04:10:38","2"
"6529","2018-02-16 17:53:46","2018-02-27 14:52:59","4"
"6543","2018-02-26 18:57:29","2019-06-28 09:04:08","4"
"6552","2018-03-13 17:40:57","2019-06-24 13:24:00","4"
"6553","2018-03-13 17:41:08","2019-06-24 13:23:58","4"
"6554","2018-03-13 17:41:25","2019-06-28 09:04:09","4"
"6560","2018-03-24 12:49:53","2018-04-21 21:09:07","4"
"6564","2018-03-28 11:19:02","2018-05-15 22:26:08","4"
"6568","2018-04-01 04:45:01","2018-07-05 19:44:08","3"
"6573","2018-04-12 06:38:07","","2"
"6581","2018-04-26 06:56:03","2018-08-13 00:17:23","2"
"6584","2018-04-30 11:40:42","","2"
"6585","2018-04-30 22:42:46","2021-05-29 19:46:18","2"
"6586","2018-05-01 18:41:00","2018-05-01 19:14:47","4"
"6588","2018-05-05 10:02:10","2021-01-01 21:17:18","4"
"6589","2018-05-08 05:09:52","2018-05-30 13:35:00","3"
"6591","2018-05-08 09:25:36","2018-09-13 17:53:21","4"
"6593","2018-05-09 13:04:01","","2"
"6598","2018-05-12 03:54:21","2019-01-12 17:18:48","4"
"6600","2018-05-16 09:37:49","2019-11-01 15:09:48","4"
"6602","2018-05-17 05:22:27","2019-05-07 07:07:16","4"
"6623","2018-06-18 06:34:49","2018-08-10 17:24:27","4"
"6624","2018-06-18 07:18:51","2018-08-10 17:28:49","4"
"6632","2018-06-24 14:15:37","2019-03-03 07:16:07","4"
"6655","2018-07-12 00:54:07","2020-06-14 14:03:11","4"
"6666","2018-07-29 15:05:19","2018-07-30 17:10:11","4"
"6667","2018-07-29 15:05:42","2018-07-30 17:10:13","4"
"6668","2018-07-29 15:05:46","2018-07-30 17:10:14","4"
"6685","2018-08-11 00:21:33","2021-09-20 18:19:31","2"
"6691","2018-08-13 02:24:38","2019-01-21 16:18:33","4"
"6697","2018-08-14 12:37:21","2018-08-20 18:28:34","4"
"6698","2018-08-15 13:43:34","2018-08-15 13:57:01","5"
"6738","2018-08-18 03:40:46","2019-02-14 23:51:44","2"
"6749","2018-08-21 10:00:33","","2"
"6751","2018-08-22 21:59:43","2018-09-20 23:42:12","4"
"6774","2018-08-27 17:00:12","2020-06-26 07:05:21","3"
"6847","2018-09-07 10:52:02","2019-05-02 05:26:43","3"
"6880","2018-09-13 21:37:43","2020-02-17 03:01:09","4"
"6886","2018-09-18 14:29:29","2018-09-18 19:03:22","4"
"6887","2018-09-18 14:29:39","2018-09-18 19:03:23","4"
"7014","2018-09-26 20:54:33","2019-06-19 01:44:51","4"
"7019","2018-09-28 10:31:01","2020-04-20 01:10:01","4"
"7021","2018-09-29 05:09:23","2019-06-24 20:26:24","4"
"7038","2018-10-10 08:51:37","2018-10-10 10:29:42","4"
"7039","2018-10-10 08:51:49","2018-10-10 10:29:44","4"
"7041","2018-10-12 02:08:09","2019-01-16 14:49:25","4"
"7047","2018-10-20 18:18:45","2019-05-22 21:33:08","4"
"7053","2018-10-29 14:37:11","2019-01-04 11:56:36","4"
"7056","2018-11-05 03:10:58","2019-03-03 07:18:09","3"
"7057","2018-11-05 20:17:43","2019-10-04 20:09:04","4"
"7065","2018-11-13 16:49:43","2019-06-19 19:31:15","4"
"7072","2018-11-28 13:09:17","2021-01-13 23:04:40","3"
"7083","2018-12-19 12:09:47","2019-06-20 15:49:39","4"
"7100","2019-01-14 03:43:13","","3"
"7101","2019-01-14 10:56:25","","3"
"7180","2019-03-03 07:13:13","2019-10-02 16:00:40","3"
"7192","2019-03-05 23:35:35","2020-09-30 19:41:13","3"
"7202","2019-03-08 14:38:05","2021-08-03 16:13:10","4"
"7224","2019-03-17 15:26:30","2019-04-08 15:43:34","4"
"7228","2019-03-20 09:00:07","2021-02-02 02:10:26","4"
"7229","2019-03-20 09:00:14","2020-07-28 07:43:32","4"
"7276","2019-04-05 13:26:29","2019-04-08 15:43:36","4"
"7277","2019-04-05 14:39:23","2019-04-08 15:43:38","4"
"7302","2019-04-29 08:44:23","","3"
"7304","2019-04-29 17:06:58","2019-08-27 22:23:51","5"
"7355","2019-05-05 15:11:21","2021-02-01 11:33:57","4"
"7367","2019-05-08 15:18:41","2019-10-13 21:55:52","3"
"7474","2019-06-20 19:11:31","2019-07-01 09:10:14","4"
"7481","2019-07-01 09:07:03","2020-08-28 05:31:58","4"
"7482","2019-07-01 09:09:34","2019-11-12 13:25:28","4"
"7506","2019-07-16 10:11:29","2021-02-02 18:46:00","4"
"7508","2019-07-19 14:00:07","2021-03-25 07:17:00","4"
"7513","2019-07-27 15:07:04","2019-08-19 18:08:43","4"
"7554","2019-08-27 20:26:41","2019-09-13 18:31:11","4"
"7555","2019-08-27 20:26:50","2019-09-13 18:31:13","4"
"7556","2019-08-27 21:22:33","2019-09-13 18:45:43","4"
"7568","2019-09-10 08:42:34","2020-05-26 17:32:55","4"
"7569","2019-09-10 08:43:51","2020-05-26 17:32:59","4"
"7576","2019-10-04 00:42:31","","2"
"7583","2019-10-24 04:45:44","2020-07-20 21:55:59","4"
"7590","2019-11-04 16:00:02","2019-12-04 17:52:29","2"
"7591","2019-11-04 16:01:29","","3"
"7595","2019-11-12 14:34:26","","2"
"7665","2019-12-15 17:49:01","2020-02-06 22:40:50","3"
"7674","2020-01-02 16:34:49","2020-04-05 08:22:10","4"
"7675","2020-01-04 20:33:23","","2"
"7693","2020-01-25 21:23:09","2020-06-18 13:17:42","4"
"7698","2020-02-04 07:22:20","2020-08-26 11:39:00","4"
"7699","2020-02-05 13:44:35","2020-07-03 07:30:31","4"
"7714","2020-03-04 06:53:47","2020-06-25 16:18:19","2"
"7732","2020-03-26 13:09:03","2021-03-25 08:34:19","4"
"7739","2020-04-05 18:40:49","2020-08-21 00:47:57","3"
"7747","2020-04-26 00:22:26","2020-06-14 14:02:44","4"
"7748","2020-04-27 15:01:52","2020-05-19 12:38:01","4"
"7762","2020-05-13 17:35:14","2020-05-22 16:20:20","4"
"7766","2020-05-16 23:02:32","2021-01-31 16:38:18","4"
"7768","2020-05-19 12:37:03","2020-11-06 13:39:20","4"
"7769","2020-05-19 12:37:07","2020-11-06 13:39:15","4"
"7777","2020-05-27 19:09:34","2020-05-27 21:19:17","2"
"7778","2020-05-29 21:52:51","2020-06-25 16:13:55","3"
"7813","2020-06-17 08:06:05","2020-07-11 13:18:47","4"
"7815","2020-06-17 08:07:33","2020-07-16 21:21:07","3"
"7837","2020-07-09 17:44:02","2020-07-20 21:56:00","4"
"7838","2020-07-09 17:45:48","2020-07-20 21:56:01","4"
"7851","2020-07-16 21:18:45","2020-07-22 02:40:30","2"
"7857","2020-07-21 19:27:57","2020-08-18 10:39:09","4"
"7867","2020-07-23 19:55:58","","3"
"7870","2020-07-24 07:05:55","","3"
"7871","2020-07-24 15:08:23","2020-08-21 00:50:29","2"
"7872","2020-07-24 15:09:55","2020-08-21 00:50:28","2"
"7874","2020-07-24 15:16:39","2020-08-11 17:04:33","4"
"7889","2020-08-05 00:53:25","2020-08-21 00:47:24","3"
"7900","2020-08-09 14:28:57","2020-08-13 17:16:44","4"
"7901","2020-08-09 14:29:10","2020-08-11 05:43:47","4"
"7902","2020-08-09 14:29:22","2020-08-11 12:14:26","4"
"7903","2020-08-09 14:29:32","2020-08-11 05:37:12","4"
"7904","2020-08-09 14:38:25","2020-08-11 05:37:15","4"
"7905","2020-08-09 14:38:41","2020-08-11 05:37:20","4"
"7908","2020-08-10 18:55:58","2020-12-07 04:07:28","2"
"7909","2020-08-10 23:07:46","2020-08-11 05:37:29","4"
"7915","2020-08-13 07:06:39","2020-08-15 10:33:57","4"
"7916","2020-08-13 07:06:46","2020-08-15 10:33:58","4"
"7917","2020-08-13 07:06:56","2020-08-15 10:33:59","4"
"7918","2020-08-13 07:07:02","2020-08-15 10:34:01","4"
"7920","2020-08-13 15:11:58","2020-08-18 13:37:07","3"
"7921","2020-08-13 15:49:21","2020-08-13 17:16:45","4"
"7922","2020-08-13 15:49:38","2020-08-13 17:16:46","4"
"7923","2020-08-13 15:49:53","2020-08-13 17:16:48","4"
"7929","2020-08-15 11:30:00","2020-08-25 16:28:27","4"
"7930","2020-08-15 11:30:15","2020-08-17 07:36:10","4"
"7948","2020-08-25 08:54:14","2021-06-16 23:34:56","4"
"7953","2020-08-26 08:19:08","2020-09-18 08:08:45","4"
"7954","2020-08-26 10:44:55","2020-09-12 09:51:49","4"
"7958","2020-08-30 20:14:46","2021-02-02 10:10:06","4"
"7980","2020-09-08 11:02:49","2020-09-20 08:10:28","4"
"7981","2020-09-08 11:03:07","2020-09-20 08:10:29","4"
"7984","2020-09-12 04:54:28","2020-09-12 09:51:51","4"
"7985","2020-09-12 05:07:22","2020-09-12 09:51:52","4"
"7987","2020-09-12 12:53:11","2020-09-13 04:11:50","4"
"7988","2020-09-12 20:53:35","2020-09-13 04:11:52","4"
"7992","2020-09-14 07:13:51","2020-09-17 05:53:39","4"
"7993","2020-09-14 07:14:06","2020-09-17 05:53:40","4"
"7994","2020-09-14 09:21:03","","2"
"7997","2020-09-16 04:26:55","2020-09-18 06:48:58","4"
"7998","2020-09-16 04:27:11","2020-09-18 06:48:59","4"
"7999","2020-09-16 04:27:27","2020-09-18 06:49:01","4"
"8000","2020-09-16 04:27:37","2020-09-18 06:49:02","4"
"8001","2020-09-16 04:28:19","2020-09-18 06:49:04","4"
"8005","2020-09-18 20:50:09","","3"
"8009","2020-09-23 15:51:07","","3"
"8010","2020-09-24 07:09:43","2020-12-07 04:05:41","3"
"8027","2020-10-07 07:01:28","2021-06-28 17:12:03","4"
"8029","2020-10-09 08:00:03","","2"
"8050","2020-10-26 00:44:39","2020-10-27 19:03:55","4"
"8051","2020-10-26 00:44:50","2020-10-27 19:03:57","4"
"8052","2020-10-26 00:45:00","2020-10-27 19:03:58","4"
"8053","2020-10-26 00:45:11","2020-10-27 19:03:59","4"
"8054","2020-10-26 00:45:20","2020-10-27 19:04:01","4"
"8071","2020-11-06 12:26:22","2020-11-06 12:29:05","4"
"8078","2020-11-13 17:39:49","","3"
"8099","2020-12-10 00:12:40","2020-12-10 01:50:27","4"
"8100","2020-12-10 00:13:31","2020-12-10 01:50:30","4"
"8101","2020-12-10 00:13:56","2020-12-10 01:50:32","4"
"8102","2020-12-10 00:14:03","2020-12-10 01:50:33","4"
"8123","2021-01-02 09:47:04","","2"
"8141","2021-01-22 14:22:45","2021-02-09 19:32:33","3"
"8146","2021-01-29 19:49:49","2021-04-13 13:07:17","2"
"8149","2021-01-31 00:19:35","2021-08-06 04:00:51","2"
"8155","2021-02-05 21:13:15","2021-03-08 19:01:42","4"
"8156","2021-02-05 21:16:12","","2"
"8157","2021-02-05 21:16:40","","2"
"8181","2021-03-03 13:31:40","","2"
"8182","2021-03-03 14:16:26","","2"
"8185","2021-03-10 15:26:19","2021-03-31 13:26:20","4"
"8189","2021-03-23 00:53:50","2021-03-23 11:17:11","4"
"8196","2021-04-02 14:56:20","2021-04-03 16:12:56","4"
"8206","2021-05-04 13:09:25","2021-10-10 07:15:23","2"
"8230","2021-05-29 17:45:59","","2"
"8237","2021-05-31 19:49:07","2021-08-13 17:49:45","4"
"8244","2021-06-15 13:16:28","2021-06-15 14:30:09","4"
"8269","2021-06-26 06:03:51","","3"
"8271","2021-06-27 20:42:30","2021-10-15 19:33:06","3"
"8292","2021-08-15 04:27:56","2021-09-14 11:00:24","4"
"8319","2021-09-10 12:07:29","","3"
"8320","2021-09-10 12:07:34","","3"
"8342","2021-09-29 07:52:47","2021-09-29 19:45:47","4"
"8343","2021-09-29 07:52:59","2021-09-29 19:45:48","4"
